url,user,comment,id,parent_id
https://i.redd.it/1rwklh5tj8pf1.png,skeptic-cate,Not a win. But stopping the bleeding is better than the status quo.,nea74ha,t3_1nh9fvk
https://i.redd.it/1rwklh5tj8pf1.png,margozo36,"Ouch... damay damay na dahil
sa mga kawatan at gahaman sa gobyerno.",ne9zre4,t3_1nh9fvk
https://i.redd.it/1rwklh5tj8pf1.png,Livid_Group2703,Very unexpected talaga si marcos jr sa paningin ko. Sana tuloy tuloy na yan. ü§û,nea1xcz,t3_1nh9fvk
https://i.redd.it/1rwklh5tj8pf1.png,JellyfishUnable9821,Sana next na cancelin yung ayuda at tupad. Ang dami ding corruption sa programang yan.,neap60h,t3_1nh9fvk
https://i.redd.it/1rwklh5tj8pf1.png,BurningEternalFlame,"Pano yung may baha na gaya nung featured kagabi sa kmjs? Lulubog nalang sila ganun?
Nakaka-awa yung mga taga Binan. Kahit sabihin kase na catch basin sila, sana man lang maremedyuhan. Pumo-porsyento din kase mga naka-upo. Sabagay di naman sila ang nakalubog sa baha.",neagy03,t3_1nh9fvk
https://i.redd.it/1rwklh5tj8pf1.png,diskarilza,Balik na sila sa same old corruption na budget insertion para di masyado mainit sa mata,neattma,t3_1nh9fvk
https://i.redd.it/1rwklh5tj8pf1.png,denarius_dives,"tas mapupunta sa AICS, TUPAD, at 4Ps HAHAHAHAHAHAHAHA",neag5mx,t3_1nh9fvk
https://i.redd.it/1rwklh5tj8pf1.png,icarusjun,"Nice‚Ä¶ I expect na talagang magiging new normal na ang baha‚Ä¶ 

I prefer this and I think this will be good sa mga paparating na bagyo lalo pag tuloy-tuloy yung ilang araw na magkaroon ng sunod-sunod‚Ä¶ that way maging ramdam na ng lahat ang perwisyo g dulot ng bana and siguro this will intensify the rage of the people‚Ä¶",neafbu4,t3_1nh9fvk
https://i.redd.it/1rwklh5tj8pf1.png,Illustrious-Deal7747,"So what will happen to us on 2026? Mas malulunod sa baha?

Hayop na mga corrupt lalong maaapektuhan mga mamamayan.",neas42o,t3_1nh9fvk
https://i.redd.it/1rwklh5tj8pf1.png,Alarming_General_473,![gif](giphy|KwWhqBySq0KPe|downsized),neapjlk,t3_1nh9fvk
https://i.redd.it/1rwklh5tj8pf1.png,Bogathecat,iyak ang mga kawatan,neaxb3x,t3_1nh9fvk
https://i.redd.it/1rwklh5tj8pf1.png,PomegranateUnfair647,Can cancel his confidential fund too?,neb0z90,t3_1nh9fvk
https://i.redd.it/1rwklh5tj8pf1.png,eyeinsideatriangle,"magdasal na lang na walang malaking bagyo (pero malabo ata yan) goodluck na lang , bili kayo bangka",neb3dm3,t3_1nh9fvk
https://i.redd.it/1rwklh5tj8pf1.png,wineeee,"Sana yung mga involved, hindi lang kulong, ibalik ang pera with interest, damages and liabilities, kasama pasweldo sa hearing. Mga putangina nyong magnanakaw.",neb7hqk,t3_1nh9fvk
https://i.redd.it/1rwklh5tj8pf1.png,mathilda101,O tapos? Kelan mananagot ang mga dapat managot? At kelan maibabalik yung mga dapat ibalik?,nebu3iz,t3_1nh9fvk
https://i.redd.it/1rwklh5tj8pf1.png,Outrageous_Squash560,"Imbes na ayusin at hanapin at solution, bahala na daw tayo bahain. Solution ba yan? Tapos san mo ilipat nanaman yun budget?",necha62,t3_1nh9fvk
https://i.redd.it/1rwklh5tj8pf1.png,MontepiedadS,"yes, bawiin muna lahat ng ninakaw ng mga corrupt officials at contractors",neaf36k,t3_1nh9fvk
https://i.redd.it/liw8nhjmj8pf1.png,chelseabibim,Noted with thanks. To see is to believe,nea1i2s,t3_1nh9fht
https://i.redd.it/liw8nhjmj8pf1.png,yumekomaki,tsaka na maniniwala pag may napakulong talaga na politician at hindi maa-acquit!,nea1p2c,t3_1nh9fht
https://i.redd.it/liw8nhjmj8pf1.png,Suspicious-Call2084,You mean Romualdez whose net worth increased by 1000% in 2-3 years?,nea5xup,t3_1nh9fht
https://i.redd.it/liw8nhjmj8pf1.png,NewbeeSaMedProp,maniniwala ako dyan kung ang 1st na ipapatawag ay si romualdez mismo. next si zaldy co,nea07rd,t3_1nh9fht
https://i.redd.it/liw8nhjmj8pf1.png,Ok-Activity6069,May strategic planning na yan,nea42iu,t3_1nh9fht
https://i.redd.it/liw8nhjmj8pf1.png,ayawpangalanan,Parang feeling ko gusto makawala ni bbm kay romualdez pero yung supporters ng dds ang hindi niya pinapakawalan kaya inappoint si Andres?,nea47k7,t3_1nh9fht
https://i.redd.it/liw8nhjmj8pf1.png,urresid3ntfirebae,Puro salita anong petsa na,nea8jq6,t3_1nh9fht
https://i.redd.it/liw8nhjmj8pf1.png,GreenSuccessful7642,May sense of humor talaga sya no,nea98kc,t3_1nh9fht
https://i.redd.it/liw8nhjmj8pf1.png,krdskrm9,"From the guy who said ""ayaw ko ma-impeach si Sara Duterte.""

From the guy who formed Uniteam to ensure his victory.

Sure, sure.",nea7you,t3_1nh9fht
https://i.redd.it/liw8nhjmj8pf1.png,EntrepreneurSweet846,Tologo boh,nea8aqj,t3_1nh9fht
https://i.redd.it/liw8nhjmj8pf1.png,Accomplished-Yam-504,"Ulul tangina! Kagaguhan yan!

Kung seryoso ka sa truly transparent na commission, putangina wag kang mag-appoint ng mga tao na obvious na may koneksyon sa mismong mga politikong dapat iniimbestigahan. Gago, yung Chairman ng ICI eh si Digong mismo nag-appoint dati. Tangina, anong transparency dun?

At kung gusto mo talaga na retired justices ang umupo bilang chairman, putanginang ang dami naman diyan na mukhang walang link sa mga Duterte. Andiyan sina former Chief Justice Puno, Panganiban, o kahit mga framers ng 1986 Constitutional Commission tulad nina Christian Monsod at Rene Sarmiento, diba? Putangina, ang dami mong pwedeng ilagay na legit at credible pero pinili mo pa rin yung obvious na compromised.

Tapos may mga bobong sasabat na ‚Äúbigyan ng benefit of the doubt.‚Äù Punyeta, walang benefit of the doubt kung supposedly independent commission yun para imbestigahan ang isa sa pinakamalalaking corruption scandals sa kasaysayan.

Tangina Bongbong, sino ba nagpapayo sa‚Äôyo? O mas malala, sinadya mo talaga ito para siguradong kontrolado ang imbestigasyon. Takot ka ba na kung tunay na independent yun, pati ikaw, pamilya mo, at tropa mong kurakot madadamay?

Putangina niyong lahat na mga kurakot sa gobyerno may araw din kayo mga putangina niyooo kunin mo na sila satanasssss

Tangina mo din satanas.

https://preview.redd.it/r9ruk79zv8pf1.png?width=940&format=png&auto=webp&s=2076e847dc7955042c33607f39b117c7c6ab6bb8",neaa0mz,t3_1nh9fht
https://i.redd.it/liw8nhjmj8pf1.png,tatlongbebe,wala ngang nangyari sa 20php/kg na bigas. ü§≠ü§≠ü§≠ what a joke of a president. unahin mo icancel yung billion na confidential funds ng opisina if seryoso ka talaga.¬†,nea8ph1,t3_1nh9fht
https://i.redd.it/liw8nhjmj8pf1.png,Creepy_Emergency_412,"Prayer for the most corrupt official in our government today.

Ipagdasal natin ang duwag nating speaker  na kumuha na ng spokesperson kasi umurong na ang bayag niya‚Ä¶

Prayer for the House of Represent-The-Thieves:

St. Martin Patron Saint of Insertion, PAY for us‚Ä¶Deliver us our money‚Ä¶Walang a-amen üòá",nea8kjc,t3_1nh9fht
https://i.redd.it/liw8nhjmj8pf1.png,kayel090180,"Ayan na DDS ha sinabi na including his cousin Romualdez, siguro next sa script how about Sandro naman.",nea0f35,t3_1nh9fht
https://i.redd.it/liw8nhjmj8pf1.png,OldManAnzai,"Investigation pa lang.

Kung walang mahahanap na kahit anong concrete(or circumstantial) evidence, wala rin. Back to normal lang ulit.

We're not even a quarter of the way through solving this whole Flood Control Budget fiasco.",nea8352,t3_1nh9fht
https://i.redd.it/liw8nhjmj8pf1.png,overthinkmind,Saka na ako maniniwala pag nsa kulungan ang mga yan dapat sa kulungan mismo ano special treatment kaban NG Bayan yun,neaa2h7,t3_1nh9fht
https://i.redd.it/liw8nhjmj8pf1.png,Chemical_Anteater864,"ang drama nman, baka next nian magyayakapan ang magpinsan na lumuluha habang inaaresto c insan,",nea345e,t3_1nh9fht
https://i.redd.it/liw8nhjmj8pf1.png,Swimming_Childhood81,sure sure sure,nea3bdw,t3_1nh9fht
https://i.redd.it/liw8nhjmj8pf1.png,jopen1015,"i ain't gonna hold my breath, y'all",nea4iyg,t3_1nh9fht
https://i.redd.it/liw8nhjmj8pf1.png,Chinbie,Sana nga this is true...,nea4qs0,t3_1nh9fht
https://i.redd.it/liw8nhjmj8pf1.png,Bibboop249,Actions speak louder than words‚Ä¶,nea5bwi,t3_1nh9fht
https://i.redd.it/liw8nhjmj8pf1.png,InformalToure,Sana totoo.,nea6yen,t3_1nh9fht
https://i.redd.it/liw8nhjmj8pf1.png,PickyPrincess11,Lip service until we see it happening,nea767a,t3_1nh9fht
https://i.redd.it/liw8nhjmj8pf1.png,Forsaken-Kitchen-954,"For every general rule, there is always an exception.",nea80gq,t3_1nh9fht
https://i.redd.it/liw8nhjmj8pf1.png,techieshavecutebutts,"Kung mapapanagot nya talaga si pinsan, hahanga na talaga ako kay bbm hahaha pero sabi nga ng iba to see is to believe lol",nea8erk,t3_1nh9fht
https://i.redd.it/liw8nhjmj8pf1.png,surewhynotdammit,Gawa muna bago salita,nea8v61,t3_1nh9fht
https://i.redd.it/liw8nhjmj8pf1.png,dantesdongding,Let's wait and see..,nea8wk1,t3_1nh9fht
https://i.redd.it/liw8nhjmj8pf1.png,nagmamasidlamang2023,Breaking news talaga? bwahaha,nea9u3i,t3_1nh9fht
https://i.redd.it/liw8nhjmj8pf1.png,BigBreadfruit5282,Livestream din kaya yung mga hearings ng independent body?,neaad6j,t3_1nh9fht
https://i.redd.it/liw8nhjmj8pf1.png,MorningPersonAtNight,Kahit sino pa yan. I don‚Äôt freakin care kung si Romualdez o any of the Dutertes basta mapatunayang magnanakaw. Ikulong! Let‚Äôs not make this another 2022 political war.,neaaesx,t3_1nh9fht
https://i.redd.it/liw8nhjmj8pf1.png,gnawyousirneighm,"I‚Äôll only believe it when an actual politician, esp national level, gets jailed and their assets are seized by the government. If it‚Äôs just regular rank-and-file employees, then it‚Äôs all for show.",neabf1j,t3_1nh9fht
https://i.redd.it/liw8nhjmj8pf1.png,Low-Guide-9524,geh sabi mo eh,neabfh8,t3_1nh9fht
https://i.redd.it/liw8nhjmj8pf1.png,IcemanPH,Alam naman na siguro nya na wala ng merit lahat ng salita hanggang sa may makitang aksyon ang mga tao,neacg5s,t3_1nh9fht
https://i.redd.it/liw8nhjmj8pf1.png,riverhoe,syempre for pr yan hahahah,neacwyw,t3_1nh9fht
https://i.redd.it/liw8nhjmj8pf1.png,iamcrockydile,![gif](giphy|qs6ev2pm8g9dS),neacx5d,t3_1nh9fht
https://i.redd.it/liw8nhjmj8pf1.png,BurningEternalFlame,Narinig ko na yan sir.,neadoay,t3_1nh9fht
https://i.redd.it/liw8nhjmj8pf1.png,lady-aduka,"Talk is cheap, Mr. President. We'll believe it when we see it.",neae0q7,t3_1nh9fht
https://i.redd.it/liw8nhjmj8pf1.png,TyongObet,"hanggang salita lang yan.

resulta muna.",neaeb7j,t3_1nh9fht
https://i.redd.it/liw8nhjmj8pf1.png,FreedomPinas,"PBBM - ACTION is what counts, NOT words.

Your fellow FILIPINOS are tired, overworked and hungry.  Or not working at all and desperate.

HOW would you like to be remembered in history?  A lame president or someone who made real changes to the country?

https://preview.redd.it/egpiwf4y19pf1.jpeg?width=161&format=pjpg&auto=webp&s=85b330b16107f2f58c3c617228185cfd56e21e28",neaexer,t3_1nh9fht
https://i.redd.it/liw8nhjmj8pf1.png,Unusual_Importance_8,Coming from a Marcos???? Hell nah,neafj9e,t3_1nh9fht
https://i.redd.it/liw8nhjmj8pf1.png,iced_mocha0809,Pag yan hindi nangyari in until october. Alam na,neaggm9,t3_1nh9fht
https://i.redd.it/liw8nhjmj8pf1.png,myothersocmed,gawa muna bago salita,neagqv0,t3_1nh9fht
https://i.redd.it/liw8nhjmj8pf1.png,befullyalive888,"Scripted narratives üêäüî•
Talk to the hand ‚úã",neb8xfg,t3_1nh9fht
https://i.redd.it/liw8nhjmj8pf1.png,No-Camera-5673,Walk the Talk!,neb9hpc,t3_1nh9fht
https://i.redd.it/liw8nhjmj8pf1.png,Jollibibooo,This is noted on this.,nebcwc7,t3_1nh9fht
https://i.redd.it/liw8nhjmj8pf1.png,Fun-Possible3048,dapat kasi it is high time na gawin niya na ang tama. Bago man lang sya matapos ang term nya e naitama nya ang baluktot na gobyerno.,nec8upk,t3_1nh9fht
https://i.redd.it/liw8nhjmj8pf1.png,morethanyell,Istorya pagtubudan,nea2aci,t3_1nh9fht
https://i.redd.it/liw8nhjmj8pf1.png,Cheeky_bop,Sure sabe nyo eh. Pare parehas lang naman kayo. Tsk.,neaiaa6,t3_1nh9fht
https://i.redd.it/liw8nhjmj8pf1.png,alpha_chupapi,Press x for doubt,neaidnt,t3_1nh9fht
https://i.redd.it/liw8nhjmj8pf1.png,Gojo26,Ipapatawag din ba nya ang sarili nya? Hahaha,neaix69,t3_1nh9fht
https://i.redd.it/liw8nhjmj8pf1.png,PumpPumpPumpkin999,Eto hinihintay ko eh. Show us your redemption arc!,neaj1dt,t3_1nh9fht
https://i.redd.it/liw8nhjmj8pf1.png,MrBluewave,Actions speak louder than words,neanqjw,t3_1nh9fht
https://i.redd.it/liw8nhjmj8pf1.png,EnvironmentalAnt7402,"Ang problema kay Pres. Marcos, puro salita, wala sa gawa. Hanggang malilimot nanaman yung issue dahil sa bagal ng investigation.

Pero don't us. Dahil handa na kami to protest, and we want all involved officials to suffer the consequences of their actions, including their wives and children.

We want a peaceful protest, but if the government will not take action and hear our cries, then chaotic movement will definitely ensue.

God bless the Philippines.",neanz6t,t3_1nh9fht
https://i.redd.it/liw8nhjmj8pf1.png,PuzzleheadedRope4844,"Kulang ata yan, ‚Äúincluding myself‚Äù hahaha",neaot5l,t3_1nh9fht
https://i.redd.it/liw8nhjmj8pf1.png,Sharp-Plate3577,"He will be juggling what will satisfy the people‚Äôs anger and which allies he can sacrifice while still maintaining power.  He cant sacrifice too many as these people will turn on him. 

If he can sacrifice his cousin, great.  Id still call it a win if Zaldy Co is jailed.",near002,t3_1nh9fht
https://i.redd.it/liw8nhjmj8pf1.png,DongCardo,![gif](giphy|x9cDy0c3bOxxwDZmJm),neareal,t3_1nh9fht
https://i.redd.it/liw8nhjmj8pf1.png,Safe_Professional832,"Charotism. That's why 2 days lang, pirmado mo na ang budget with so many budget insertions.",nearza9,t3_1nh9fht
https://i.redd.it/liw8nhjmj8pf1.png,penguin-puff,"Flood Control Project (DPWH) is just ONE of the MANY CORRUPT ISSUES of this FUCKING GOVERNMENT.

-Bureau of Corrupt (BOC)

-Commission lang without Audit (COA)

-Bureau of Inutile (BI)

-Bureau of Internal Rats (BIR)

-Department of Epals and Deepshits (DepEd)

-Supreme Corrupt (SC)

-Sandigan ng mga Crocodiles (Sandiganbayan)

-Department of Inept at Letcheng Gobyerno (DILG)

and many more... 



Less than ONE PERCENT (1%) lang yan Department of Putanginang Wapakels na mga Hampaslupa issue.

Kailangan LINISIN lahat ng TAE.",neau8d5,t3_1nh9fht
https://i.redd.it/liw8nhjmj8pf1.png,Appropriate_Eye2348,![gif](giphy|3oeHs9kBHoN2puLPbQ),neauv2l,t3_1nh9fht
https://i.redd.it/liw8nhjmj8pf1.png,thangential,"kung naniwala mga DDS kay barzaga, dapat maniwala din sila dito. tutal mahilig naman sila sa salita lang e",neavy30,t3_1nh9fht
https://i.redd.it/liw8nhjmj8pf1.png,badm_35,walang bago sa ganyang style si duterte nga sabi nya kung may adik sa mga kamag anak or anak nya mismo patayin daw eh pare parehas lang mga yan,neawt6b,t3_1nh9fht
https://i.redd.it/liw8nhjmj8pf1.png,ucfkate,It‚Äôs all talk!,neayvxq,t3_1nh9fht
https://i.redd.it/liw8nhjmj8pf1.png,divhon,"Thank you Mr President, sobra nman nakakakilabot yang mga imbestigation na yan.

Since pinsan mo nman yan sana habang buhay na kulong lang, bitay sa luneta at pagbawi lang ng mga ari arian.",neb12n3,t3_1nh9fht
https://i.redd.it/liw8nhjmj8pf1.png,Rockefellarrr,Weh?,neb32b2,t3_1nh9fht
https://i.redd.it/liw8nhjmj8pf1.png,shampoobooboo,Parallel hearing dapat. Nakatakas na yung corrupt sa province nakatingin padin sa discaya,neb4crm,t3_1nh9fht
https://i.redd.it/liw8nhjmj8pf1.png,Inside-Dot4613,We'll be waiting and hopefully there will be receipts (sips tea).,neb7gpu,t3_1nh9fht
https://i.redd.it/liw8nhjmj8pf1.png,wineeee,"Ibalik nila mga ninakaw nila, yun tipong apo sa tuhod at apo nun ay may utang pa rin.",neb7lp6,t3_1nh9fht
https://i.redd.it/liw8nhjmj8pf1.png,Substantial_Yams_,"![gif](giphy|9G3wg7lH5DpxC|downsized)

Sige nga üíÄ DO IT!",necsemk,t3_1nh9fht
https://i.redd.it/liw8nhjmj8pf1.png,solarpower002,"Weh???

Wag magsalita nang tapos. üòù",nee422l,t3_1nh9fht
https://i.redd.it/liw8nhjmj8pf1.png,Individual-Bat3802,I‚Äôd actually welcome being proven wrong.,nef1h3e,t3_1nh9fht
https://i.redd.it/liw8nhjmj8pf1.png,HistoricalZebra9241,Redemption arc... no there must be a catch,neiziq5,t3_1nh9fht
https://i.redd.it/liw8nhjmj8pf1.png,Even-Hamster6094,"Pakibilisan, pwede ring i-assassinat* mo na lang. Dating gawi ng iyong pudra. Char not char.",nelsqxw,t3_1nh9fht
https://i.redd.it/yl3imtc43vmf1.png,SheepPoop,"The government is a joke right now, at hindi gumagana.

The government is flooded with family dynasty covering each other up",nc4n6a1,t3_1n735a2
https://i.redd.it/yl3imtc43vmf1.png,Mundane-Jury-8344,Tumakas na pala sila eh balik na lang po tayo sa Primewater issue¬†,nc4l1dd,t3_1n735a2
https://i.redd.it/yl3imtc43vmf1.png,4tlasPrim3,"Trade kamo, Quiboloy in exchange for them. üòè",nc4nmix,t3_1n735a2
https://i.redd.it/yl3imtc43vmf1.png,Evening-Entry-2908,Ang kukupad niyo kasing kumilos. Puro kayo hearing pero wala namang ginagawang aksyon pagkatapos marinig yung mga sinasabi ng akusado,nc4p5aa,t3_1n735a2
https://i.redd.it/yl3imtc43vmf1.png,silver_glint,Most incompetent blue ribbon committee senator.,nc4tgwg,t3_1n735a2
https://i.redd.it/yl3imtc43vmf1.png,nameleszboy,Kapag small time dampot agad samantalang mga big time nakakatakas dahil madaming time gawa ng madaming proseso,nc4musb,t3_1n735a2
https://i.redd.it/yl3imtc43vmf1.png,Weekly-Diet-5081,"Us pinoys upon hearing that

https://preview.redd.it/bawsqb3mcvmf1.jpeg?width=600&format=pjpg&auto=webp&s=9a9d697656cf7c6c654988ef8f0be5a7e34be060",nc4s2re,t3_1n735a2
https://i.redd.it/yl3imtc43vmf1.png,hershey50,"..how can the senate hold these people accountable, eh cila nga gawain din nila yan....alam nila na walang patutunguhan ang hearing ng senate eh, eh kapareho lang naman ng mga nagiimbistiga kuno ang mga iniimbistigahan..asan ang credibility..??? puro ewan ang mga taga gobyerno..",nc4rfvc,t3_1n735a2
https://i.redd.it/yl3imtc43vmf1.png,CherDiokno,"Kung hindi pa kayo galit, bakit??",nc4sryg,t3_1n735a2
https://i.redd.it/yl3imtc43vmf1.png,Funny-Slip8415,"Yan na ang sinasabi ko, ginagawa lang Teleserye.",nc4s4cv,t3_1n735a2
https://i.redd.it/yl3imtc43vmf1.png,Acrobatic_Stock_652,Kasi it took how many days after the list of names came out to take action. Wala man lang nag initiate to freeze assets or stop them from going out of the country. Almost two weeks since the list came out giving these aholes to plan their escape. Hirap mahalin ng Philippinesüò≠,nc4qqp4,t3_1n735a2
https://i.redd.it/yl3imtc43vmf1.png,Mindless_Sundae2526,"Nasa Senado nga yung iba eh.

![gif](giphy|aqUzXfaJ2dElJGQeDw)",nc4sew9,t3_1n735a2
https://i.redd.it/yl3imtc43vmf1.png,CumRag_Connoisseur,Hearing and deliberation = buying time para makaalis,nc4umuu,t3_1n735a2
https://i.redd.it/yl3imtc43vmf1.png,MightyysideYes,Sa dinami daming pwedeng mag lead sa blue ribbon committee bakit eto pa,nc4rz1p,t3_1n735a2
https://i.redd.it/yl3imtc43vmf1.png,bombetator,Swap natin si Quiboloy,nc4ossw,t3_1n735a2
https://i.redd.it/yl3imtc43vmf1.png,DaggerZer0,Our law system was always in favor of the accused. Due process is a joke. How many days has passed since this scandalous ghost flood project broke out? Walang ginawa. Tapos magtataka kayo nakalabas na sila.,nc4vyjn,t3_1n735a2
https://i.redd.it/yl3imtc43vmf1.png,JohnnyBorzAWM0413,"May extradition treaty naman yung US at PH. Ibigay si Quiboloy tas ipa hunting sa DHS/ICE/CBP, FBI, etc. ng US yung mga tumakas at nandiyan na sa US??",nc4w4pp,t3_1n735a2
https://i.redd.it/yl3imtc43vmf1.png,Hot_Grade3809,Ang bagal nilang aksyunan lahat ng mga kaso sa bansa. Pwede namang ipafreeze ang accounts and assets and i-ban lumabas ng bansa para di makatakas. Parang nananadya ang gobyerno e üò°,nc531al,t3_1n735a2
https://i.redd.it/yl3imtc43vmf1.png,Neither_Mobile_3424,Justice in the Philippines is NON-EXISTENT!,nc54xe7,t3_1n735a2
https://i.redd.it/yl3imtc43vmf1.png,Straight-Quality-936,"Ano ba kayo asa pa kayo takbuhan nga tong bansa  na to ng kriminal kase mas priority dito kriminal kesa sa mga desenteng tao kaya wag na kayo umasa, lahat ng nasa Malaca√±ang kurakot yang mya hinayupak nayan ultimo pi akamaliit na ahensya may lagay din. So yea. WALA NA.MATAGAL NG WALA NG PAG ASA ANG PILIPANAS KASE MGA DEMONYO UNG MGA PUTANGINGANG HINAYUPAK NAYAN",nc4urf6,t3_1n735a2
https://i.redd.it/yl3imtc43vmf1.png,Anzire,"For short, we can indonesia their properties.

Edited because reddit rules. Although solid brothers yung reddit admins tinganggal temp ban ko kasi justified daw nararamdaman ko sa corruption dito.",nc4us1e,t3_1n735a2
https://i.redd.it/yl3imtc43vmf1.png,Electronic-Hyena-726,no shit sherlock,nc4xnbe,t3_1n735a2
https://i.redd.it/yl3imtc43vmf1.png,MariaAlmaria,Ba‚Äôt feeling ko na damay ‚Äòtong si Italian Pug?,nc5316z,t3_1n735a2
https://i.redd.it/yl3imtc43vmf1.png,IQPrerequisite_,"Pinaalis na nila bago pa ituro yung mga Congressman, LGUs at political sponsors na kasabwat. Nice one.",nc5o867,t3_1n735a2
https://i.redd.it/yl3imtc43vmf1.png,Unwell_Demon,"Ngayon nararanasan na natin ang mga maling desisyon natin sa pagboto ng mga mapag-panggap na pulitiko.

Habang nagpapakabulag kayo sa kakarampot na pera tuwing halalan, nakikipagsiksikan kakapila sa ayuda, bilyon-bilyon naman ang nagiging kapalit na kanilang naibubulsa. 

Kailan pa kaya gigising ang mamamayan ng Pilipinas ? 
Kapag lubog na ang buong bansa?",nc5odyl,t3_1n735a2
https://i.redd.it/yl3imtc43vmf1.png,ThemeInternational95,"they did not reveal kung sino-sino, dapat i-public na yung name nung mga yun since nakaalis na",nc5tkdm,t3_1n735a2
https://i.redd.it/yl3imtc43vmf1.png,MysteriousAd4860,"Gimmick nalng ng senate at congress yan. Sila sila lang din mga magnanakaw at nakikinabang sa mga flood control projects na yan. For formality nlng imbestigasyon nila dyan sa hearing. Walang makukulong ni isa dyan. Sa senate pa lang ang daming plunderers dyan. Yung raid ng NBI sa sasakyan ng mga discaya? For formality nlng din yun, tinimbrehan para may time mailabas mga kotse. Nakita nyo ung video na pagkahapon isa isang binalik mga kotse sa garahe? Halatang gimmick nlng nila talaga yan. Isa nalng solusyon dyan civil war kagaya ng ginawa ng mga Indonesian sa corrupt government nila ngayon. üíØ‚úÖ",nc607l0,t3_1n735a2
https://i.redd.it/yl3imtc43vmf1.png,Invictus_Resiliency,"So pede ba I freeze na Ang mga assets at liquidate to pay us all back hahaha.

I tax refund naman tayo hahhaha",nc628jf,t3_1n735a2
https://i.redd.it/yl3imtc43vmf1.png,Lopsided_Pineapple_4,Marcoleta is a nincompoop.,nc725of,t3_1n735a2
https://i.redd.it/yl3imtc43vmf1.png,pambato,Kung sa corporate to tanggal na to. Incompetent POS.¬†,nc7e2a0,t3_1n735a2
https://i.redd.it/yl3imtc43vmf1.png,Prize_Thought6091,"‚ÄãCause y'all in the position are freaking slow. Yes, this is drama, but these senators are creating additional unnecessary drama, wanting to be the main character. May mga saviour complex.",nc7p51q,t3_1n735a2
https://i.redd.it/yl3imtc43vmf1.png,Dry-Cauliflower8948,Are we even surprised people!? Hahaha,nca58ss,t3_1n735a2
https://i.redd.it/yl3imtc43vmf1.png,Kuga-Tamakoma2,"How I wish bumalik na lang tayo sa torture instead of hearings...


Makes me really want Martial Law back...",nc4qkbv,t3_1n735a2
https://i.redd.it/yl3imtc43vmf1.png,No-Appointment-137,Nasa Hague na nga diba,nc4tkif,t3_1n735a2
https://i.redd.it/yl3imtc43vmf1.png,lusog21121,Tumakas na pala. Hayaan nyo na hahaha,nc4tutp,t3_1n735a2
https://i.redd.it/yl3imtc43vmf1.png,LividImagination5925,ambagal mo kase kumilos.. o baka sabi sabi mo lang na out of the country na kahit anjan lang para maprotektahan sarili mo at mga kasamahan mo.,nc4uefg,t3_1n735a2
https://i.redd.it/yl3imtc43vmf1.png,DualPinoy,"""Yung sinasabi ko talaga, wala.""",nc4vb2t,t3_1n735a2
https://i.redd.it/yl3imtc43vmf1.png,Wonderful_Goat2530,Eh ang bagal mo eh. Mas inuuna mo pa na nasaktan damdamin mo kesa unahin yung problema na nasa harapan mo.,nc4wibe,t3_1n735a2
https://i.redd.it/yl3imtc43vmf1.png,karlospopper,"Not a lawyer here, but genuinely curious. Pag ganyan ba hindi pwedeng habulin yung company? Di man mapanagot yung tao kasi wala na, maybe we can cripple their construction firms -- makaganti man lang tayo",nc4wm8a,t3_1n735a2
https://i.redd.it/yl3imtc43vmf1.png,asukalangley7,"Its all for show lang talaga to, kaya di ako naniniwala magkakahustisya dito hanggat walang nahuhuling bigman or like makulong yang sina discaya. As soon as makulong mga yan kakanta yan kung sinong mga pulitiko ang involved",nc4woiv,t3_1n735a2
https://i.redd.it/yl3imtc43vmf1.png,asukalangley7,Kawawang pilipinas para lang tayong nanonood ng netflix na alam naman natin ang mangyayareng ending bitin pa din HHAAHH,nc4wr8p,t3_1n735a2
https://i.redd.it/yl3imtc43vmf1.png,Teduary,Out of the country? Tulad ng mga Duterte? hahaha,nc4wtfj,t3_1n735a2
https://i.redd.it/yl3imtc43vmf1.png,zerroman922,"I mean, nauna na si Duterte. Nasa Hague na ü§£",nc4xxyn,t3_1n735a2
https://i.redd.it/yl3imtc43vmf1.png,pedro_penduko,Nasa The Hague yung isa.,nc4yg5x,t3_1n735a2
https://i.redd.it/yl3imtc43vmf1.png,HALIPAROTaq,Idk bakit galing na galing ang mga tao kay Marcoleta ehh angas lang namab mayroon sya?? INTEGRITY- walaa!!,nc4z64i,t3_1n735a2
https://i.redd.it/yl3imtc43vmf1.png,andrewlito1621,Patawarin? Sino ka ba Marcoleta? Dios?,nc4z8ac,t3_1n735a2
https://i.redd.it/yl3imtc43vmf1.png,Splinter_Cell_96,![gif](giphy|av6YXx5819sarAV2j1|downsized),nc4z9oj,t3_1n735a2
https://i.redd.it/yl3imtc43vmf1.png,dantesdongding,"Malamang tumakas na, may nag-tip na na mga DDS loyalists.",nc50cvd,t3_1n735a2
https://i.redd.it/yl3imtc43vmf1.png,DueMathematician3415,"Malamang! Bagal nyo e! Kahit kaso wala pa, edi walang assets na freeze",nc50hht,t3_1n735a2
https://i.redd.it/yl3imtc43vmf1.png,Fluid_Ad4651,https://preview.redd.it/9luzvx9nnvmf1.jpeg?width=800&format=pjpg&auto=webp&s=588d6b0b5a69320008b27a2f8841e246659c996c,nc50jas,t3_1n735a2
https://i.redd.it/yl3imtc43vmf1.png,Vast-Dentist-8436,"thank you, captain obvious.",nc50jki,t3_1n735a2
https://i.redd.it/yl3imtc43vmf1.png,R_Chutie,So ganun na lang?!,nc50qet,t3_1n735a2
https://i.redd.it/yl3imtc43vmf1.png,Notorious_Bill26,Nasa Senate sila bro,nc51g76,t3_1n735a2
https://i.redd.it/yl3imtc43vmf1.png,itlog-na-pula,Seize their properties in the PH then.,nc51jbx,t3_1n735a2
https://i.redd.it/yl3imtc43vmf1.png,Creative-Set2509,"Personalities amp spill nyo name mga hindot, public servant kayo pucha ano gusto nyo naka censored or pm is key pa? Taena",nc525gx,t3_1n735a2
https://i.redd.it/yl3imtc43vmf1.png,Correct_Mind8512,"Iprivatize na lang nila si DPWH, yan na yun para naman pumantay na yung sweldo nila sa mga licensed engrs sa private companies. Nagawa nga sa mga water district bakit dyan hinde?",nc525zx,t3_1n735a2
https://i.redd.it/yl3imtc43vmf1.png,psteneps,Andito pa Markobeta. Ang ilan  dyan katabi mo sa committee hearing.,nc5269y,t3_1n735a2
https://i.redd.it/yl3imtc43vmf1.png,Girudo_Tezoro,Nandito parin yung ibang nakinabang. Sana may makulong. Senador at Congressman.,nc52fol,t3_1n735a2
https://i.redd.it/yl3imtc43vmf1.png,NanieChan,tbh Markubeta is so slow.,nc52o7v,t3_1n735a2
https://i.redd.it/yl3imtc43vmf1.png,PH_TheHaymaker,"If may mga na US sa mga yan, may dahilan n si PBBM pra maextradite si Kibigoy kapalit nung mga tumakas",nc52unj,t3_1n735a2
https://i.redd.it/yl3imtc43vmf1.png,ThadeusCorvinus,And? Let‚Äôs forget it?,nc53isg,t3_1n735a2
https://i.redd.it/yl3imtc43vmf1.png,ediwowcubao,"So this is a failure on your part, Mr. Senator",nc53nvz,t3_1n735a2
https://i.redd.it/yl3imtc43vmf1.png,Aka-sutoraida,Go after them.,nc53qez,t3_1n735a2
https://i.redd.it/yl3imtc43vmf1.png,Matcha_Danjo,Yung mga pulitiko nandiyan pa,nc53srq,t3_1n735a2
https://i.redd.it/yl3imtc43vmf1.png,cyianite,Let me guess most of them are Dugyot cross... typical Dugyot exit move and yet again this issue will be forgotten and moving to the next one,nc54430,t3_1n735a2
https://i.redd.it/yl3imtc43vmf1.png,Witty_Cow310,bago pa masampahan ng kaso tong mga tiwaling to nakaalis na.,nc54c6o,t3_1n735a2
https://i.redd.it/yl3imtc43vmf1.png,zerosum2345,eh di i freeze nyo assets,nc55gsm,t3_1n735a2
https://i.redd.it/yl3imtc43vmf1.png,SnooPets7626,"Freeze and seize their assets. Blacklist them. Report them to other countries.

Ano, ‚Äúgg! Nice game‚Äù na lang ba kesyo nakaalis na? Punyeta",nc55kwy,t3_1n735a2
https://i.redd.it/yl3imtc43vmf1.png,Possible-Tailor-951,Pinatakas nyo!,nc55vug,t3_1n735a2
https://i.redd.it/yl3imtc43vmf1.png,DragonBaka01,"""patatawarin ko sa sila!?""

WTF!!!! barubalan na gugahan na talaga! di man lang gawing discreet e.",nc564wx,t3_1n735a2
https://i.redd.it/yl3imtc43vmf1.png,meguminakashi,Nasa Hague nga ung isa eh,nc56okc,t3_1n735a2
https://i.redd.it/yl3imtc43vmf1.png,Ambitious-Algae1639,puwede naman silang pabalikin..  si duterte nga pinadala nila sa the hague eh. si teves pinabalik din nila dito.,nc56qsr,t3_1n735a2
https://i.redd.it/yl3imtc43vmf1.png,Majestic-Maybe-7389,Pano ang babagal nyo hahahah,nc56s9w,t3_1n735a2
https://i.redd.it/yl3imtc43vmf1.png,Gullible_Ghost39,Congrats to you ambagal mo kasi. Yabang ka pa na ayaw mo ng independent body mag imbestiga tignan mo naka takas na mga iimbestigahan niyo.,nc56tg8,t3_1n735a2
https://i.redd.it/yl3imtc43vmf1.png,Jose_Rizal_,"Magugulat pa ba kami? Palabas nyo yan, kayo bida. Ang ending wala.",nc56va5,t3_1n735a2
https://i.redd.it/yl3imtc43vmf1.png,BakerRich2124,"we are investgating ghost projects and...ghost politicos, too!!!",nc56xbr,t3_1n735a2
https://i.redd.it/yl3imtc43vmf1.png,peregrine061,Eh di I cancell passport nila para ideport ng tinakbuhan bansa nila,nc574u5,t3_1n735a2
https://i.redd.it/yl3imtc43vmf1.png,InformationFetus,This is so upsetting.,nc58drk,t3_1n735a2
https://i.redd.it/yl3imtc43vmf1.png,Mizery_UwU,so ganun nlng ho yon?,nc58od6,t3_1n735a2
https://i.redd.it/yl3imtc43vmf1.png,DEAZE,"Name the ‚Äúpersonalities‚Äù revoke their citizenship and freeze their assets. Do it now Marcoleta or you and your children, and children‚Äôs children will be a disgrace to the country.",nc599r2,t3_1n735a2
https://i.redd.it/yl3imtc43vmf1.png,More-Grapefruit-5057,Nasa ICC?,nc59z0z,t3_1n735a2
https://i.redd.it/yl3imtc43vmf1.png,IcedKofe,Baka yang panget na yan pa ang nag-tip at nag-utos na umalis sila,nc5a2ek,t3_1n735a2
https://i.redd.it/yl3imtc43vmf1.png,arbejorge,nasa Hague yung iba,nc5a3mr,t3_1n735a2
https://i.redd.it/yl3imtc43vmf1.png,Grumpy_Orange_Cat_,Whoever is involved dapat sana hindi na hinahayaan makalabas ng bansa. Whether it's not proven yet as long as there is an ongoing investigation.,nc5am58,t3_1n735a2
https://i.redd.it/yl3imtc43vmf1.png,Popular-Upstairs-616,Sarap i raid ng mga bahay nila ü´∂üèª wala naman pala sila e,nc5am9m,t3_1n735a2
https://i.redd.it/yl3imtc43vmf1.png,AccordingDog6867,All roads lead to Duterte and allies!  Pare parehas lang yan mga nag tatakpanan ng mga na corrupt nila di nila mapapakulongbyan si discaya dahil may hawak na alas. Joint venture pa sa constructions nila si Bong Go.,nc5aqfv,t3_1n735a2
https://i.redd.it/yl3imtc43vmf1.png,Muzika38,Agree... Two of them is in Hague right now. One is jailed while the other is seeking asylum.,nc5as1n,t3_1n735a2
https://i.redd.it/yl3imtc43vmf1.png,Several_Ant_9816,Si Mark tahimik lang,nc5atkh,t3_1n735a2
https://i.redd.it/yl3imtc43vmf1.png,North_Spread_1370,LET'S TAKE IT TO THE STREETS!! this government is shitting on its citizens over and over again!! time to TAKE THE POWER BACK TO THE PEOPLE!!!,nc5b416,t3_1n735a2
https://i.redd.it/yl3imtc43vmf1.png,Throwingaway081989,"2 cars seized kay Discaya.

Now madami na nag alisan na Congressmen.

So sino na lang huhulihin? Very good talaga. Dapat na freeze na assets ng mga ito para di sila masyado maka galaw. Hold departure sa lahat ng govt officials (need pa ata magka kaso para gawin ito).

Apaka bagal talaga ng govt pag sila sila na ung nag tuturuan",nc5bgl5,t3_1n735a2
https://i.redd.it/yl3imtc43vmf1.png,rocydlablue,"Clown show sa senado, ginagag0 ang buong pilipino. connivance ng pulitiko, business men at mga pulis. kawawang juan dela cruz dagdag nanaman ang utang habang sila puro payaman.",nc5bwwk,t3_1n735a2
https://i.redd.it/yl3imtc43vmf1.png,NoEffingValue,"MARAMI PA DING ANDITO SA BANSA.

Ipqkulong ang mga department heads sa dpwh at mga engineer at lahat nang mga pumirma sa mga proyektong iyan.",nc5byyz,t3_1n735a2
https://i.redd.it/yl3imtc43vmf1.png,HewHewLemon,People got FOOLED to focus on the impeachment instead if the corruption going on.,nc5d1oo,t3_1n735a2
https://i.redd.it/yl3imtc43vmf1.png,Specialist-Wafer7628,"Wala naman silang kaso kaya nobody can stop them from leaving. Puro legislative hearings pa lang naman. Tahimik ang DOJ, hindi ko alam kung kumikilos ang NBI para mag imbestiga.  


Ang pwede lang naman gawin ng gobyerno sa nasa ibang bansa na is to cancel their passports.",nc5f11r,t3_1n735a2
https://i.redd.it/yl3imtc43vmf1.png,MysteriousEdgeOfLife,Freeze their assets!,nc5fgnn,t3_1n735a2
https://i.redd.it/yl3imtc43vmf1.png,unixhyde,Si Digong nasa The Hague na üòÜ,nc5flv7,t3_1n735a2
https://i.redd.it/yl3imtc43vmf1.png,curiousmind5946,As usual useless government. Hindi man lang nag issue ng hold departure at travel ban sa mga corrupt officials,nc5g454,t3_1n735a2
https://i.redd.it/yl3imtc43vmf1.png,Sufficient-Ad2246,Late na late mga walang kwenta . Wala ng pag asa ang pilipinas,nc5hfs0,t3_1n735a2
https://i.redd.it/yl3imtc43vmf1.png,caren72,Your grandstanding doesn't help Senator Marcoleta,nc5hjvr,t3_1n735a2
https://i.redd.it/yl3imtc43vmf1.png,Eastern_Basket_6971,Yeah you have a point pero para ka yung type ng student na may ambag kunwari,nc5hnog,t3_1n735a2
https://i.redd.it/yl3imtc43vmf1.png,grenfunkel,Not shocked just disappointed as usual.,nc5if9v,t3_1n735a2
https://i.redd.it/yl3imtc43vmf1.png,grenfunkel,"Pres Marcos - galit daw dahil sa ghost project na flood control

Pero wala nangyari at nagbakasyon lang sa ibang bansa may mga kasalanan 

Yung VP Duterte naman nag kampanya at rally sa sa ibang bansa at puro salita lang wala trabaho

Ito ang TEAM UNITY ng DDS",nc5iv6n,t3_1n735a2
https://i.redd.it/yl3imtc43vmf1.png,Such-Introduction196,What about the congress na involve?,nc5k4pp,t3_1n735a2
https://i.redd.it/yl3imtc43vmf1.png,AlvahAidan,Mas magaling pa mga tao sa social media magimbestiga,nc5ksy5,t3_1n735a2
https://i.redd.it/yl3imtc43vmf1.png,hakai_mcs,Binabandera nyo kasi e. Public hearing e alam namang circus lang yan. Kung sana pinahuli nyo nang walang media coverage edi sana gulantang lahat yan. Pero mataas naman kasi tsansa na kasabwat din yung ilang senador kaya hanggang ganyan na lang,nc5l5zx,t3_1n735a2
https://i.redd.it/yl3imtc43vmf1.png,seirako,Galing mo Markubeta,nc5lgwp,t3_1n735a2
https://i.redd.it/yl3imtc43vmf1.png,master-to-none,"Tas final trick nila pag napauwi is the ""wheelchair tactics""",nc5lz6u,t3_1n735a2
https://i.redd.it/yl3imtc43vmf1.png,Ok_Chicken_5630,"So the Congressmen, Mayor's and others responsible for these flood control projects have a left the country? What will happen to their government jobs?",nc5mhqu,t3_1n735a2
https://i.redd.it/yl3imtc43vmf1.png,Fit-Purchase2246,whaaaaat!! nakakagulat!!! eme sarcasm lang,nc5myvu,t3_1n735a2
https://i.redd.it/yl3imtc43vmf1.png,nitzky0143,di pwedeng i freeze bank accounts nila?,nc5n3lv,t3_1n735a2
https://i.redd.it/yl3imtc43vmf1.png,Jace_Jobs,"That's exactly the plan, right Mr. Marcobeta?",nc5n8dk,t3_1n735a2
https://i.redd.it/yl3imtc43vmf1.png,Basha4576,"Pinagsasabi mo, jan. Anjan lang sila sa harap mo. #evictmarcoleta",nc5nvln,t3_1n735a2
https://i.redd.it/yl3imtc43vmf1.png,beefburger_burger,congratulations sa mga magnanakaw dito sa pilipinas. may dual citizenship pa nako!  kung buwagin na kaya senate at congress?,nc5nx8u,t3_1n735a2
https://i.redd.it/yl3imtc43vmf1.png,smoothartichoke27,Oh I don't know about that. Parang yung iba andiyan naman sa harap mo.,nc5nze4,t3_1n735a2
https://i.redd.it/yl3imtc43vmf1.png,cyao200,Oh tapos? Hahaha sobrang joke nmn nya naisip ba nya umaksyon manlang knowing na lumilipad na isa isa abroad?,nc5o1jd,t3_1n735a2
https://i.redd.it/yl3imtc43vmf1.png,zandydave,"Doesn't like being insulted, then insults the public.",nc5o8t3,t3_1n735a2
https://i.redd.it/yl3imtc43vmf1.png,Noooope_never,"Why is this goverment so frustating, parang bang gusto nila huliin na ayaw nila, ano ba  talaga!",nc5pz9v,t3_1n735a2
https://i.redd.it/yl3imtc43vmf1.png,Extreme_Orange_6222,"Ilang issue lang ang pumatong dito, matatabunan na naman to sa limot. Kung ano ang bago, yun ang matunog. Mukhang madali makalimot at ma-replace ang mga social issues sa utak ng karamihan sa ating mga Pinoy, baka limited ang memory space. Or maybe we're just naive - we easily forgive and forget!",nc5q98w,t3_1n735a2
https://i.redd.it/yl3imtc43vmf1.png,Famous-Intention-697,Okay back to work na gais mukhang dead end nanaman to,nc5q991,t3_1n735a2
https://i.redd.it/yl3imtc43vmf1.png,RaceMuch3757,"So? Ngaw ngaw na lang? Walang foresight, heck kahit common sense man lang.",nc5qcqf,t3_1n735a2
https://i.redd.it/yl3imtc43vmf1.png,Infamous_Fix1941,It's only a matter of time until anarchy hits the Philippines.,nc5qque,t3_1n735a2
https://i.redd.it/yl3imtc43vmf1.png,MaximumCombination34,bagal nyo kumilos e! paano kayo kayo lang din yan..! mga potang ina nyo!,nc5rfst,t3_1n735a2
https://i.redd.it/yl3imtc43vmf1.png,kankarology,"don‚Äôt worry, they will come back. just ensure you have arrest warrants for them when they come back‚Ä¶.and keep it secret.",nc5sgbh,t3_1n735a2
https://i.redd.it/yl3imtc43vmf1.png,HoseaJacob,Marcollecta cannot stop the flood control scandal from getting connected to Sarah's favorite Senatongs Cheez and Tesdaman JoelüòÇ,nc5t66d,t3_1n735a2
https://i.redd.it/yl3imtc43vmf1.png,antoniobanderito_123,"Bagal mo kasi, Pangit!",nc5uf8a,t3_1n735a2
https://i.redd.it/yl3imtc43vmf1.png,BladeOfWant,"Seize their assets. Freeze their bank accounts. Kaya nila tumakbo, ari-arian nila hindi.",nc5uml7,t3_1n735a2
https://i.redd.it/yl3imtc43vmf1.png,flashcorp,"For the show and entertainment lang talaga ginagawa nila.
Alam nila may camera so papasikat sila, si Marcoleta wala kwenta, puro sigawan at wala na reresolve, or conclude.",nc5xvht,t3_1n735a2
https://i.redd.it/yl3imtc43vmf1.png,No-Commercial-7078,Ano yan? Di na natuto?? Parang kay Alice Guo lang?,nc5xywq,t3_1n735a2
https://i.redd.it/yl3imtc43vmf1.png,farzywarzy,"Taena kasi ng Senate, panay grandstanding. Kung genuine yung concern niyo diretso file ng complaint sa prosecutor / information sa court yan.",nc5zx64,t3_1n735a2
https://i.redd.it/yl3imtc43vmf1.png,P0PSlCLE,Nasa Hague na yung isa.,nc62kdh,t3_1n735a2
https://i.redd.it/yl3imtc43vmf1.png,wabriones,So wala na sa mga bahay nila? Game raid na yan isa isa! Punyeta,nc63mh6,t3_1n735a2
https://i.redd.it/yl3imtc43vmf1.png,CoffeeAngster,FAILIPPINES NA NAMAN! üôÑ,nc67d6t,t3_1n735a2
https://i.redd.it/yl3imtc43vmf1.png,khal_lungsod,https://preview.redd.it/zooabrx8nxmf1.jpeg?width=984&format=pjpg&auto=webp&s=da8465df03974b1088d74404f4838d23efe8aa49,nc68gsi,t3_1n735a2
https://i.redd.it/yl3imtc43vmf1.png,AtoSy88,Out of the country si Duterte  siya ba ang tinutukoy ni Mukhang  Kubeta,nc69ttb,t3_1n735a2
https://i.redd.it/yl3imtc43vmf1.png,Unlikely-Canary-8827,"guys trust me. dont park your money in Philippine peso. buy foreign currency. SGD is going up. USD is still more stable than our currency na guaranteed by our ill-functioning government. babagsak yan bigla.

Out of topic: imagine, kahit our own national flag carrier PAL only recently allowed paying using PHP in booking flights. that shows how even the flag carrier dont trust PHP. kaya lang recently inallow yan kasi kinekwestyon ng mga lumilipad",nc6e8uc,t3_1n735a2
https://i.redd.it/yl3imtc43vmf1.png,1masipa9,"True, nasa Netherlands sina Duterte.",nc6e99m,t3_1n735a2
https://i.redd.it/yl3imtc43vmf1.png,it0y,"Malamang pinatakas, baka kasi may ikanta na ikakadawit ng kung sino man pinoprotektahan nya.",nc6h3fp,t3_1n735a2
https://i.redd.it/yl3imtc43vmf1.png,NappingBaby2017,Yung nasa Hague,nc6pfqj,t3_1n735a2
https://i.redd.it/yl3imtc43vmf1.png,Hot-Wash-19,Kaya dapat kasuhan na sa korte,nc6sr4b,t3_1n735a2
https://i.redd.it/yl3imtc43vmf1.png,Practical-Judge9683,Wala nang pag-asa Pilipinas. Kasi sila-sila nalang din yan kumokontrol sa economy at pera ng bansa.,nc6uf47,t3_1n735a2
https://i.redd.it/yl3imtc43vmf1.png,Ill_Zucchini2072,"Remember when Ferdinand Marcos declared Martial Law? Many people blamed him for being a dictator, but he argued it was because the NPAs and communists wanted to take over the government‚Äîsome even believe he may have saved the Filipinos. When Cory Aquino took over, it opened the door for many aspiring politicians to take advantage of the system and engage in corruption.",nc6vpcq,t3_1n735a2
https://i.redd.it/yl3imtc43vmf1.png,RevolutionGreedy1784,"Nasa Pinas ka pa naman eh anong pinagsasasabi mo?

Unless si Digong yung tinutukoy mo, then yes, out of the country na talaga sya.",nc700ib,t3_1n735a2
https://i.redd.it/yl3imtc43vmf1.png,8_Kind_Soul_8,We need a turnaround,nc718x4,t3_1n735a2
https://i.redd.it/yl3imtc43vmf1.png,AmicusCurriae01,"Edi wala nang kwenta yang hearing mo, Marcoleta!  Puro ka kasi takip ng mga kaalyado mo PANOT KA! ü§¶üèª‚Äç‚ôÇÔ∏èü§¶üèª‚Äç‚ôÇÔ∏èü§¶üèª‚Äç‚ôÇÔ∏è",nc74uep,t3_1n735a2
https://i.redd.it/yl3imtc43vmf1.png,No-Arrival214,Ano pa nga ba? Ang bagal talaga ng proceso kahit predictable naman next move ng akusado nag sstick kayo sa alam nyong proceso nyo.,nc74zlr,t3_1n735a2
https://i.redd.it/yl3imtc43vmf1.png,Alpha-Lima5-11,What's new?? We're slowly failing as a country and it's in real-time. China is still on the fence if we're a country worth occupying. Sheeesh.,nc7527y,t3_1n735a2
https://i.redd.it/yl3imtc43vmf1.png,A_SaltyCaramel_020,Gng*go na tayo ng mga hayup na to ah.,nc7amm9,t3_1n735a2
https://i.redd.it/yl3imtc43vmf1.png,Green_Grey_Zone,Marcolelat,nc7hc53,t3_1n735a2
https://i.redd.it/yl3imtc43vmf1.png,sleepy-unicornn,"Freeze all their assets. Nasa ibang bansa man yan, for sure hindi tatagal yan doon, if iddrain lahat ng pera nila dito. Dapat istop muna pagcollect ng mga tax satin if ganyan. Ilang billion ang pinag-uusapan dito, jusq ü§¶üèª‚Äç‚ôÄÔ∏è",nc7i1lk,t3_1n735a2
https://i.redd.it/yl3imtc43vmf1.png,Putrid_Tree751,Pano na yung mga missing sabungeros?,nc7ibmn,t3_1n735a2
https://i.redd.it/yl3imtc43vmf1.png,EmployerDependent161,kung may mahuli or makulong man dito.. yung mga nasa baba lang or middle. pero yung mga nasa itaas at pasimuno talaga- magiging malaya padin. mag lie low lang muna yan at babalik din ulit sa dati.,nc7o9mf,t3_1n735a2
https://i.redd.it/yl3imtc43vmf1.png,Regular_Republic_112,nakakawalang gana maging Filipino. :(,nc7q4ju,t3_1n735a2
https://i.redd.it/yl3imtc43vmf1.png,adreamersgirl0302,"Ano yan, pa-FYI lang??",nc7rr1o,t3_1n735a2
https://i.redd.it/yl3imtc43vmf1.png,ImUnderYourBeed,"As if that's a problem 

As interpol to hunt them down 

We resentment surrendered Du30 to them 

Our stand are very favorable",nc7u7hi,t3_1n735a2
https://i.redd.it/yl3imtc43vmf1.png,Tight-Rutabaga-4148,"Dapat parang China eh, wala ng daldal daldal convict agad, confiscate agad. Kulong agad. Change agad ng system.",nc87z5g,t3_1n735a2
https://i.redd.it/yl3imtc43vmf1.png,ChupaOloka,"Yang mga tangin4ng yan, Sinusunog ang mga aria arian from bahay to sasakyan. tapos sila e  man hunt sila. ilagay sa most wanted list dead or alive tapos lagyan ng bounty.",nc8i7i1,t3_1n735a2
https://i.redd.it/yl3imtc43vmf1.png,ActiveImpression8781,Not surprised at all. Kaya sa 2028 ayusan ang boto ahhh...,nca68xb,t3_1n735a2
https://i.redd.it/yl3imtc43vmf1.png,frogfunker,"Bakit kaya?

*cough* telegraphing next moves *cough* snitches *cough*",ncb59j9,t3_1n735a2
https://i.redd.it/yl3imtc43vmf1.png,furrreshhmaiden_,So anue gagawen?,ncbo7vi,t3_1n735a2
https://i.redd.it/yl3imtc43vmf1.png,jenniferilacdev,Nasusuka tlga ako sa pagmumukha netong taong to. Masyadong bumoboses pero pag damay kaalyado niya no pansin lang. Sukang suka na ako sa coolllltong to,ncbwtj5,t3_1n735a2
https://i.redd.it/yl3imtc43vmf1.png,Grayewick,"The personalities are, their properties aren't.",nccm37t,t3_1n735a2
https://i.redd.it/yl3imtc43vmf1.png,ConversationJust1698,"Biglang may sakit na si Zaldy Co, si Dong Gonzales di na mahagilap",nccyle1,t3_1n735a2
https://i.redd.it/yl3imtc43vmf1.png,fortyfivefortythree,Some of them are also leading the well scripted investigation,ncgux37,t3_1n735a2
https://i.redd.it/yl3imtc43vmf1.png,MoistVictory1672,they better not run to the states. ice agents would be more happy to deport them upon the request of the philippines government,nchrm7i,t3_1n735a2
https://i.redd.it/yl3imtc43vmf1.png,iamushu,Dapat jan ifreeze mga bank accounts at iconfiscate mga assets,nci7m3g,t3_1n735a2
https://i.redd.it/yl3imtc43vmf1.png,Due-Cabinet6802,"kalimutan na lang kasi nasa labas ng bansa?  Use the extradition treaty we have with the US, para san pa yun?  hayy.  Buhay na buhay pa rin ang hacienda system.....  May family dynasty bawat lugar, ginawang family owned corporation.  baguhin kaya yang buong gobyerno....",ncikuhy,t3_1n735a2
https://i.redd.it/yl3imtc43vmf1.png,TakoyakiMan1,"NASA the Hague senator, naka kulong",nckhddj,t3_1n735a2
https://i.redd.it/yl3imtc43vmf1.png,Lost-Winner-8,Yung bossing mo nasa hague,ncmhh8p,t3_1n735a2
https://i.redd.it/yl3imtc43vmf1.png,Ornery-Exchange-4660,"It is funny, I have never seen a Rolls Royce on Facebook Marketplace in the Philippines before the flood control investigations started. Yesterday, I was just browsing, and there were two Rolls Royce cars and a ton of other luxury high-end cars on Marketplace. 

The politicians, contractors, and engineers are getting a lot of attention right now, but the local people are also a part of the problem.  The foreman for a current local flood control project has been selling deformed bar for half-price. Locals are happily buying it. When everything falls apart, they will act confused about it and complain about corruption, but they will still happily brag about the great deal they got on the deformed bar.

About 15 years ago, a contractor built the road in front of our house. The foreman was selling cement to locals for half-price. The road is falling apart because there obviously wasn't enough cement in the mix, and they didn't use any deformed bar. My girlfriend's dad and many other locals are confused about why the road is falling apart, but they still happily brag about the great deal they got buying cement from the foreman. 

The government needs to clean house and prosecute all involved in the corruption, but they also need to launch an information campaign to educate the people so they can recognize that they are also often part of the problem.",ncodvuw,t3_1n735a2
https://i.redd.it/yl3imtc43vmf1.png,Willing_Buffalo5695,Tangna mo lacson nakisawasaw ka kaya mga nakatakas mga dapat managot sa batas,nc4vpxl,t3_1n735a2
