postUrl,postId,comments
https://x.com/iMPACTPH2019/status/1966730623055524065,1966730623055524065,"Andaming trolls against Kiko Dee, nakakalungkot."
https://x.com/iMPACTPH2019/status/1966730623055524065,1966730623055524065,aquino nanaman ang nangunguna lmao
https://x.com/iMPACTPH2019/status/1966730623055524065,1966730623055524065,GodBless Our Country tama na sobra na!
https://x.com/iMPACTPH2019/status/1966730623055524065,1966730623055524065,
https://x.com/iMPACTPH2019/status/1966730623055524065,1966730623055524065,Kiko Barzaga &gt; Kiko Dee
https://x.com/iMPACTPH2019/status/1966730623055524065,1966730623055524065,""" SEPTEMBER 21"
https://x.com/iMPACTPH2019/status/1966730623055524065,1966730623055524065,The man doesn’t know how a Filipino lives his life.
https://x.com/iMPACTPH2019/status/1966730623055524065,1966730623055524065,Ok good
https://x.com/iMPACTPH2019/status/1966730623055524065,1966730623055524065,Nakawala na naman sa mental.
https://x.com/iMPACTPH2019/status/1966730623055524065,1966730623055524065,Parang Bangag o may problema sa pag iisip?
https://x.com/iMPACTPH2019/status/1966730623055524065,1966730623055524065,"IWAKSI ANG CORRUPTION!!! IBILANGGO HABANG BUHAY ANG MGA SALARIN!
IWAKSI ANG KOMUNISMO!
IWAKSI ANG DROGA! 
ITIGIL NA ANG PAMBABASTOS SA ATING DIYOS!
MAGBALIK-LOOB TAYO SA DIYOS!!!"
https://x.com/iMPACTPH2019/status/1966730623055524065,1966730623055524065,PKI SABI SA KANYANG ISOLI DIN NILA UNG PERANG NINAKAW NILA SA PILIPINAS!! SAN UNG PINAGBILHAN NG #GOLDRESERVEPH PARA GAWING #DOLLARRESERVE AT GAWING #OFW LHT NG PILIPINO HABANG ANG #COJUANCO_AQUINO AY NGPPASARP SA KITA NG MGA DUKHA
https://x.com/iMPACTPH2019/status/1966730623055524065,1966730623055524065,Enough is enough! Mga korap  https://t.co/pwdmXpDink
https://x.com/iMPACTPH2019/status/1966730623055524065,1966730623055524065,Sumisigaw din yun mga pamilya ng SAF44
https://x.com/iMPACTPH2019/status/1966730623055524065,1966730623055524065,Another re.tard Aquino.
https://x.com/iMPACTPH2019/status/1966730623055524065,1966730623055524065,"Nakapgtataka, bakit d to nagrarally sa tapat ng Hda Luisita."
https://x.com/iMPACTPH2019/status/1966730623055524065,1966730623055524065,Balik nio na naman Aquino? D ba kayo nagsawa? Puro palpak.
https://x.com/iMPACTPH2019/status/1961146783968494014,1961146783968494014,LOUDER!!!! I hope more and more people of influence will use their platform to voice their opinions on matters such as corruption.
https://x.com/iMPACTPH2019/status/1961146783968494014,1961146783968494014,queens!
https://x.com/iMPACTPH2019/status/1961146783968494014,1961146783968494014,I like it when people of influence speak up. It feels we are not wrong in calling out corruption.  It feels we are not alone. And it gives us courage and a voice.  We need to speak up because corruption is like a rapist that gags his victims to silence while taking pleasure.
https://x.com/iMPACTPH2019/status/1961146783968494014,1961146783968494014,Corruption floats while knowledge sinks. Nalulubog na tayo sa pagbaha pati sa kaalaman dahil sa kasakiman. NAPAKASAKIT! https://t.co/00SqAtYwwo
https://x.com/iMPACTPH2019/status/1961146783968494014,1961146783968494014,These 3 ladies earn my respect with the current issues in the government. Mas Matalino pa compared sa DDSHIT senators
https://x.com/iMPACTPH2019/status/1961146783968494014,1961146783968494014,Anong masasabi ng asawa ni
https://x.com/iMPACTPH2019/status/1961146783968494014,1961146783968494014,"yes! never allow to normalize and make corruption acceptable to Filipino people, speak what is right and should be, boldly  at all times."
https://x.com/iMPACTPH2019/status/1961146783968494014,1961146783968494014,Ang mga totoong stars di fans ang ulit ulit na inaaway kundi they speak on national issue lalo sa mga hayup na mga kontratista at demonyong mga pulitiko.
https://x.com/iMPACTPH2019/status/1961146783968494014,1961146783968494014,yes..this celebs has all the rights to voice out..kase malaki ang tax na ambag ng mga yan..haha
https://x.com/iMPACTPH2019/status/1961146783968494014,1961146783968494014,
https://x.com/iMPACTPH2019/status/1961146783968494014,1961146783968494014,Duwag yan!! E mentioned nyu Pangalan ni Bangag jan maniniwala tao bayan sa inyu!!
https://x.com/iMPACTPH2019/status/1961146783968494014,1961146783968494014,Sa true: a g bansa natin ay hindi mahirap  talagang talamak lang ang mag nanakaw na pulitiko
https://x.com/iMPACTPH2019/status/1961146783968494014,1961146783968494014,https://t.co/McWwJ2zLO4
https://x.com/iMPACTPH2019/status/1961146783968494014,1961146783968494014,Queen thingz
https://x.com/iMPACTPH2019/status/1961146783968494014,1961146783968494014,Bakit niyo kasi Binoto si BBM alam na nga corrupt tatay niya saan ba mag mamana
https://x.com/iMPACTPH2019/status/1961146783968494014,1961146783968494014,Nice louder
https://x.com/iMPACTPH2019/status/1961146783968494014,1961146783968494014,Still BBM pa rin☠️
https://x.com/iMPACTPH2019/status/1961146783968494014,1961146783968494014,Good job!
https://x.com/iMPACTPH2019/status/1587475030115774466,1587475030115774466,While simultaneously not elaborating what those proactive measures are. Conveniently make it so  that it cant be parsed and critiqued upon.
https://x.com/iMPACTPH2019/status/1587475030115774466,1587475030115774466,Tree planting has been going on for years and even taught to elementary grades. It's not a new idea as proposed by BBM. The problem lies in the greed and corruption of government officials conniving with lumber barons as they denude even reforested areas.
https://x.com/iMPACTPH2019/status/1587475030115774466,1587475030115774466,"FVPLR knows what she's talking about because she used to work in river basin management. In fact, dun sila nagkakilala ni late Sec. Jesse."
https://x.com/iMPACTPH2019/status/1587475030115774466,1587475030115774466,Reasons why candidates must attend debates… para alam ng botante kung may alam or waley
https://x.com/iMPACTPH2019/status/1587475030115774466,1587475030115774466,"Someone read up on Climate Change since Karding pero mukhang hindi pa tapos sa pagbabaasa, hanggang tree planting pa lang ang kayang ibigay na solusyon."
https://x.com/iMPACTPH2019/status/1587475030115774466,1587475030115774466,https://t.co/cahkFSS0UU
https://x.com/iMPACTPH2019/status/1587475030115774466,1587475030115774466,Ang lakas maka elementary nung tree planting
https://x.com/iMPACTPH2019/status/1587475030115774466,1587475030115774466,As if sobrang bilis tumubo ng mga puno
https://x.com/iMPACTPH2019/status/1587475030115774466,1587475030115774466,"Akalain mo yun, tree planting lng pala solusyon!?!? At least may naiambag hindi ko inexpek Mr President."
https://x.com/iMPACTPH2019/status/1587475030115774466,1587475030115774466,"Tanga nga kase yung bengbeng. Hanggang tree planting lang yung understanding. Bago pa magkaugat yung puno naanod na ng baha at naitangay na ng bagyo. Asa ka sa tamad na yan, eh nakatira yan sa mansyon. Wala ba syang magaling na advisor?"
https://x.com/iMPACTPH2019/status/1587475030115774466,1587475030115774466,"Sir Naman,Tree planting????so maghihintay p tau kung kelan magiging ganap n puno ung itatanim nyo ngaun?Ang iharang nyo s bundok kapag nag uuulan eh ung mga illegal loggers!tsaka kau gumawa ng programa pra s climate change n yan."
https://x.com/iMPACTPH2019/status/1587475030115774466,1587475030115774466,Tree planting... Tangina pang elementary
https://x.com/iMPACTPH2019/status/1587475030115774466,1587475030115774466,Not only just replanting though. Stop destroying them. There needs to be mass mangrove rehabilitation.
https://x.com/iMPACTPH2019/status/1587475030115774466,1587475030115774466,My God. Matagal na po kaming nagttree planting hahahaha
https://x.com/iMPACTPH2019/status/1816445512851370290,1816445512851370290,At nagtanong pa talaga si Sen. Chiz Escudero () in fairness!
https://x.com/iMPACTPH2019/status/1816445512851370290,1816445512851370290,"Kahit anong flood control projects gawin, kung may nakabalandrang reclamation at pumipigil sa maayos na daluy ng ilog Pasig at sa Manila Bay, babagal ang takbo ng tubig ulan at tataas ang tubig sa mga kaloob-looban na mga lugar."
https://x.com/iMPACTPH2019/status/1816445512851370290,1816445512851370290,Bat kami tanungin nyo e kayo nasa gobyerno.  Kami ang dapat mag tanong kasi buwis namin ginamit nyo pambayad.
https://x.com/iMPACTPH2019/status/1816445512851370290,1816445512851370290,"Pagtuunan din ninyo ng pansin ang garbage disposal system natin sa mga cities. Kahit may flood control projects kung patuloy ang pagtapon ng basura sa mga highly urbanized areas  at sa mga waterways natin, wala pong silbi ang mga flood control projects ng gov't."
https://x.com/iMPACTPH2019/status/1816445512851370290,1816445512851370290,Nakatago.... Sa bulsa nung mga kumita dun sa projects
https://x.com/iMPACTPH2019/status/1816445512851370290,1816445512851370290,SP  do not forget the rising sea level po. May projection ang Greenpeace PH na by 2030 (6 years from now) Manila could be underwater na because of the rising sea levels. Kaya need po yan isama sa pag form ng gobyerno ng programs and policies for LONG TERM FLOOD CONTROL.
https://x.com/iMPACTPH2019/status/1816445512851370290,1816445512851370290,40 % punta sa wallet ng contractors at politicians
https://x.com/iMPACTPH2019/status/1816445512851370290,1816445512851370290,pakisamang imbestigahan ang
https://x.com/iMPACTPH2019/status/1816445512851370290,1816445512851370290,Tanong nyo lay Mark Villar.
https://x.com/iMPACTPH2019/status/1816445512851370290,1816445512851370290,"Taon-taon nyong tinatanong yan, ba’t di nyo mahanap ang sagot. Kayo kayo din naman po ang nandyan."
https://x.com/iMPACTPH2019/status/1816445512851370290,1816445512851370290,Sama nyo na din po mga local LGU sa hearing. may allocations sila for those types of projects.
https://x.com/iMPACTPH2019/status/1816445512851370290,1816445512851370290,"eh dpwh/lgu/mmda ayan na, umayos kayo puro kayo kurakot. peace"
https://x.com/iMPACTPH2019/status/1816445512851370290,1816445512851370290,Chiz being an author and sponsor to gas bills shouldn't be saying something like this. Your legislations supports climate criminals so pls lang
https://x.com/iMPACTPH2019/status/1816445512851370290,1816445512851370290,ninakaw ni pulong at bbm tru san miguel nman kaya ubos di naayos ang bulakan
https://x.com/iMPACTPH2019/status/1816445512851370290,1816445512851370290,"Maraming yumayaman na DE!! Kaya naman yung friend ko na married sa anak ng isang DE noong panahon ni Macoy Sr, loyalist pa  rin until now."
https://x.com/iMPACTPH2019/status/1816445512851370290,1816445512851370290,aantayin niyo nanaman si Sen Risa para mag siyasat nito?
https://x.com/iMPACTPH2019/status/1816445512851370290,1816445512851370290,Tanungin nio pa yan sa mga sarili nio wag nio kmi idamay!!!!
https://x.com/iMPACTPH2019/status/1816445512851370290,1816445512851370290,"Sen. Chiz, puede umpisahan mo ang imbestigasyon sa Davao City? Meron Congressman doon na naka received ng 51B Pork Barrel Funds. Eh hanngang ngayon bumabaha pa din."
https://x.com/iMPACTPH2019/status/1967117296071307450,1967117296071307450,tawa sla ksi d nla bet si Kiko. Pero di nla alam ang ganyan ksi.puro lng sla nakatutok ky dutae
https://x.com/iMPACTPH2019/status/1967117296071307450,1967117296071307450,Lagi sinasabi band-aid solution daw. Hindi naman ibig Sabihin na lagyan ng band-aid eh Hindi na hahanap ng pangmatagalang solusyon. Tsaka Ang pangmatagalang solusyon usually pangmatagalan din makikita Ang epekto. Tsaka ang pangmatagalang solusyon talaga is to curve corruption.
https://x.com/iMPACTPH2019/status/1967117296071307450,1967117296071307450,"Sabi ni Kaufman, nag-uulyanin na daw ang matandang kriminal na nasa The Hague, di naman kami na-inform na pati pala mga bobong DDS naging ulyanin na din. Sakit talaga ang pagiging DDS, kung anong sumpa meron ang inutil na si Rodrigo, nagkakaroon din ang mga tangang DDS."
https://x.com/iMPACTPH2019/status/1967117296071307450,1967117296071307450,Haha! Tapos mga anak nila nasa una ng pila! Mga DDS talaga!
https://x.com/iMPACTPH2019/status/1967117296071307450,1967117296071307450,wag kame pero nakapila sa ayuda
https://x.com/iMPACTPH2019/status/1967117296071307450,1967117296071307450,https://t.co/GWonSGp2sL
https://x.com/iMPACTPH2019/status/1967117296071307450,1967117296071307450,https://t.co/2d2IyjYW9v
https://x.com/iMPACTPH2019/status/1967117296071307450,1967117296071307450,Yung mga nag haha 99.9 % mangunguna mga yan sa pila
https://x.com/iMPACTPH2019/status/1967117296071307450,1967117296071307450,https://t.co/JOwatFI3Pq
https://x.com/iMPACTPH2019/status/1967117296071307450,1967117296071307450,Pag nalaman nilang batas na nilagdaan ni Du30 yan magbabaliktaran mga yan. Kita mo pupurihin pa nila. Ganyan kagagaling mga DDS. Ha ha!
https://x.com/iMPACTPH2019/status/1967117296071307450,1967117296071307450,Kunin 'yong pangalan ng mga nag-haha. Tapos 'wag isama 'yong mga anak nila sa walambayad na agahan.
https://x.com/iMPACTPH2019/status/1967117296071307450,1967117296071307450,The DDS troll farm machinery in full swing but it backfired— yet again.
https://x.com/iMPACTPH2019/status/1967117296071307450,1967117296071307450,Yung nag haha hindi bigyan ng libre almusal. Mga plastik sila pa naman ang umaasa sa ayuda.
https://x.com/iMPACTPH2019/status/1967117296071307450,1967117296071307450,Yung nga HAHAHAHAA sila yung Mga umaasa sa feeding sa skul nga dds
https://x.com/iMPACTPH2019/status/1967117296071307450,1967117296071307450,Naku po!!! Biglang liko mga DDS nyan ahahahahahahahaha
https://x.com/iMPACTPH2019/status/1967117296071307450,1967117296071307450,Dds in big 2025
https://x.com/iMPACTPH2019/status/1967117296071307450,1967117296071307450,Mga bobo talaga mga DDS
https://x.com/iMPACTPH2019/status/1967117296071307450,1967117296071307450,wala na talagang pag asa ito https://t.co/usMeILltqt
https://x.com/iMPACTPH2019/status/1967117296071307450,1967117296071307450,Bobo di naman batas kundi yung pag reallocate!  Ok lang sayo kumakain ka ng libreng almusal habang bumabaha
https://x.com/inquirerdotnet/status/1968182121962303722,1968182121962303722,Go USTe
https://x.com/inquirerdotnet/status/1968182121962303722,1968182121962303722,Go USTe
https://x.com/inquirerdotnet/status/1968182121962303722,1968182121962303722,Hindi rin UST!!!..eh bat si Joel Villanueva na inyong alumnus napakacorrupt??..
https://x.com/inquirerdotnet/status/1968182121962303722,1968182121962303722,Funny https://t.co/d1XnanKzNh
https://x.com/inquirerdotnet/status/1968182121962303722,1968182121962303722,Shut up! You rejected proposal for a catch basin to be built in your open field!
https://x.com/inquirerdotnet/status/1968182121962303722,1968182121962303722,"Simulan sa pagtatakwil sa sariling USTE alumnus na si Joel Villanueva.
Wag na panuorin ng UAAP yan baka ma boo lng."
https://x.com/inquirerdotnet/status/1968182121962303722,1968182121962303722,"UST tanggalin nyo na as Alumuns yang mga Engineer na yan na corrupt! Pag nagawa nyo yan dapat ibang school mag follow.  Unless may pakinabang kayo
Sa nga yan."
https://x.com/inquirerdotnet/status/1968265098201378985,1968265098201378985,"Sa totoo lang ""graft & corruption"" ang pinaka dahilan ng krimen sa buong bansa. 
Dahil sa kinukupit ng mga pulitiko ang pondo ng bayan, halos wala ng natitira para sa matinong serbisyo o programa para sa edukasyon o kalusugan. 
Wala ng maayos na karunungan ang mga susunod na henerasyon para mamuhay ng maayos, matino at progresibo. Karamihan sa kanila sa krimen at karahasan na napupunta dahil sa hirap sa buhay.
Dahil ninanakaw ang buwis ng bayan halos wala ng natitira para sa maayos na imprastuktura tulad ng kalye o tulay o riles para sa tren para mas madaling makabyahe ang kalakal at lumago ang ekonomiya ng mga karatig lugar, at ng sa gayon ay dumami rin ang oportunidad para sa disenteng trabaho.
Sana lang gumising na ang bayan at tumigil na sa pag halal ng mga kurakot sa gobyerno."
https://x.com/inquirerdotnet/status/1968265098201378985,1968265098201378985,Hala konti lang matitira sa gobyerno. Pero okay yan  for a reset.
https://x.com/inquirerdotnet/status/1968265098201378985,1968265098201378985,Louder pls... At Yong kanilang ari-arian ay magiging pag-aari ng state!
https://x.com/inquirerdotnet/status/1968265098201378985,1968265098201378985,Agreee!!
https://x.com/inquirerdotnet/status/1968265098201378985,1968265098201378985,yup! agree
https://x.com/inquirerdotnet/status/1968265098201378985,1968265098201378985,Queen things
https://x.com/inquirerdotnet/status/1968265098201378985,1968265098201378985,",    . ! https://t.co/SjqzmMTc0X"
https://x.com/inquirerdotnet/status/1968265098201378985,1968265098201378985,"Seriously, i wish that as well! Isama na buong pamilya ng kurakot! Mamatay na lahat ng pamilya marcos, duterte, escudero, estrada, co, romualdez, cayetanos, villar, etc"
https://x.com/inquirerdotnet/status/1968265098201378985,1968265098201378985,"Wag muna yung nasa The Hague para mag dusa muna, please. 
✌️"
https://x.com/inquirerdotnet/status/1965614872080572569,1965614872080572569,This is a big slap in the faces of the politicians who put our country to shame in the international community.
https://x.com/inquirerdotnet/status/1965614872080572569,1965614872080572569,Nakakahiya kayo!!
https://x.com/inquirerdotnet/status/1965614872080572569,1965614872080572569,pretty sure even local Filipinos is grateful for this.
https://x.com/inquirerdotnet/status/1965614872080572569,1965614872080572569,If this true then its a good decision by S. korean gov’t.
https://x.com/inquirerdotnet/status/1965614872080572569,1965614872080572569,"The suspension of this loan could be a significant blow to the Philippine government's credibility. Besides losing vital funds for infrastructure projects, the country's reputation with international investors and partners will be tarnished. This incident may hinder other foreign investments in the future.
​This should serve as a harsh wake-up call for the Philippines to take concrete steps in combating corruption."
https://x.com/inquirerdotnet/status/1965614872080572569,1965614872080572569,Kawawa ang economy ng pilipinas
https://x.com/inquirerdotnet/status/1965614872080572569,1965614872080572569,"Here’s the link. Got the news from post of  
It was a post but in Korean and with English translation on Facebook."
https://x.com/inquirerdotnet/status/1965614872080572569,1965614872080572569,Filipinos are trustworthy people why halt it?
https://x.com/inquirerdotnet/status/1965614872080572569,1965614872080572569,Nice move Korea.
https://x.com/inquirerdotnet/status/1965614872080572569,1965614872080572569,Nakakahiya.
https://x.com/inquirerdotnet/status/1965614872080572569,1965614872080572569,Madameng investor ang lalayo satin dahil sa mga nangyayari ngayon
https://x.com/inquirerdotnet/status/1965614872080572569,1965614872080572569,grabe. the embarrassment.
https://x.com/inquirerdotnet/status/1965614872080572569,1965614872080572569,"This is just fair move!
Kung hindi hihigpitan ng presidente ang pagpapalakad eh mamimihasa lang tong mga nasa ibaba nya. I hope hindi na magdomino effect to kasi in the end yung mga ordinaryong tao parin ang kawawa!
I hope maibalik natin ang confidence ng mga kapitbahay nating bansa saating bansa ASAP."
https://x.com/inquirerdotnet/status/1965614872080572569,1965614872080572569,"Maraming Salamat SK President Lee for halting the P28.7B loan to Pinas as
“Potential for Corruption”.
More money for government officials to share but more DEBTS for the Future Generations to pay.
An Observation. Cheers!"
https://x.com/inquirerdotnet/status/1965614872080572569,1965614872080572569,The Department of Finance denies having a P28.7 billion loan. Hmmm… I think someone tries to loan from SK without the knowledge of the DOF.
https://x.com/inquirerdotnet/status/1965614872080572569,1965614872080572569,ay tama po iyan. susunugin po muna namin mga buwaya dito
https://x.com/inquirerdotnet/status/1965614872080572569,1965614872080572569,better to do same doing like JICA have own equipment's and manpower to avoid corrupt political engineers from DPWH ..
https://x.com/inquirerdotnet/status/1965614872080572569,1965614872080572569,"this is a sad news, hopefully soon when the PH is ready"
https://x.com/inquirerdotnet/status/1965614872080572569,1965614872080572569,good
https://x.com/inquirerdotnet/status/1967426969449947395,1967426969449947395,BBM REDEMPTION ARC is not on my 2025 bingo card
https://x.com/inquirerdotnet/status/1967426969449947395,1967426969449947395,Deserve ng budolerong madrama na ito middle pinger
https://x.com/inquirerdotnet/status/1967426969449947395,1967426969449947395,Better you said that than being silent to the issue.
https://x.com/inquirerdotnet/status/1967426969449947395,1967426969449947395,As if he’s just some dude who isn’t in control of the corruption
https://x.com/inquirerdotnet/status/1967426969449947395,1967426969449947395,Nakahithit na naman?
https://x.com/inquirerdotnet/status/1967426969449947395,1967426969449947395,"Be the PRESIDENT! 
Mas madami kang kayang gawin to stop corruption. 
Kaya nag rarally kasi walang kayang gawin kundi magpahayag."
https://x.com/inquirerdotnet/status/1967426969449947395,1967426969449947395,tanginamo kaya nag ra-rally dahil sa pamumuno mo
https://x.com/inquirerdotnet/status/1967426969449947395,1967426969449947395,Cge confidential funds mo naman next hearing g?
https://x.com/inquirerdotnet/status/1967426969449947395,1967426969449947395,"As President, you have all the powers at your disposal to address the issue.. If, and only if, you will walk the talk."
https://x.com/inquirerdotnet/status/1967426969449947395,1967426969449947395,"PEKPEK MO, ON THE STREETS, BONGBONG."
https://x.com/inquirerdotnet/status/1967426969449947395,1967426969449947395,Previous administration set the bar so low I said “well at least they didn’t accuse them as NPAs and actually acknowledged that it’s needed”
https://x.com/inquirerdotnet/status/1967426969449947395,1967426969449947395,ULOL
https://x.com/inquirerdotnet/status/1967426969449947395,1967426969449947395,baka natakot sa ganap sa ibang bansa hahaha baka magkaroon pa ng people power 3 at during his reign pa. trauma haha
https://x.com/inquirerdotnet/status/1967426969449947395,1967426969449947395,pa victim din sya e hahaha
https://x.com/inquirerdotnet/status/1967426969449947395,1967426969449947395,boang ka
https://x.com/inquirerdotnet/status/1967426969449947395,1967426969449947395,"Make sure lang na may mananagot. Kung wala, isa lang itong PR stunt"
https://x.com/inquirerdotnet/status/1967426969449947395,1967426969449947395,"No, you’ll def not be on the streets w them"
https://x.com/inquirerdotnet/status/1967426969449947395,1967426969449947395,https://t.co/dByIU9t6Ry
https://x.com/inquirerdotnet/status/1966770164659351707,1966770164659351707,"Salamat sa mga content creator na ginagamit ng tama ang kanilang mga platform. Mabuhay ka, Donna!"
https://x.com/inquirerdotnet/status/1966770164659351707,1966770164659351707,Thank you for raising awareness
https://x.com/inquirerdotnet/status/1966770164659351707,1966770164659351707,"Thank you, Donna!"
https://x.com/inquirerdotnet/status/1966770164659351707,1966770164659351707,
https://x.com/inquirerdotnet/status/1966770164659351707,1966770164659351707,"for clout syempre, walang maniniwala sa dds"
https://x.com/inquirerdotnet/status/1966770164659351707,1966770164659351707,
https://x.com/inquirerdotnet/status/1966770164659351707,1966770164659351707,
https://x.com/inquirerdotnet/status/1966770164659351707,1966770164659351707,"Two weeks ago, I just have 150 mahogany seedlings and bamboos planted in my small farm in northern Cebu.  Since 2016 , I rehabilitate the property which was abused by kaingeros and even cut the molave trees that my father planted. The farm is now thriving w/trees &amp;wild birds."
https://x.com/inquirerdotnet/status/1966770164659351707,1966770164659351707,REDEEMED
https://x.com/inquirerdotnet/status/1966770164659351707,1966770164659351707,"Ganyan, Hindi Yung sumasama ka sa mga DDS na artista. . . Congrats . ."
https://x.com/inquirerdotnet/status/1966770164659351707,1966770164659351707,Never liked her but this act single handedly made me commend her. Kudos to you. Unlike these artist. Wala lang ‍♂️
https://x.com/inquirerdotnet/status/1966770164659351707,1966770164659351707,
https://x.com/inquirerdotnet/status/1966770164659351707,1966770164659351707,I'm not a huge fan but thank you for voicing this out!
https://x.com/inquirerdotnet/status/1966770164659351707,1966770164659351707,Yes .. so proud of you Donna for speaking .. sobrang daming group na ng hihikayat at naghahanap ng volunteers to plant thousand trees.. and im happy and proud i join before from rotary club tree planting in zambales.. sana marami pang taong sumali at magvlounteer tulungan nten mismo ang kalikasan..
https://x.com/inquirerdotnet/status/1966770164659351707,1966770164659351707,"Kapag ang bayan hindi tumigil sa kakatanggap ng pera tuwing election, walang magbabago. Kapag ang Comelec, COA, Ombudsman, and other watchdog agencies and institutions cannot protect the public interest, walang pagbabago na long-lasting."
https://x.com/inquirerdotnet/status/1966770164659351707,1966770164659351707,"OKAY, now this is cute, Donnalyn! Ganyan dapat, ayusin ang ganap lagi. Palakpak ka sakin ngayon."
https://x.com/inquirerdotnet/status/1966770164659351707,1966770164659351707,
https://x.com/inquirerdotnet/status/1966770164659351707,1966770164659351707,Bless her heart ❤️
https://x.com/inquirerdotnet/status/1966770164659351707,1966770164659351707,"THANK YOU, DONNA!!!"
https://x.com/PhilstarNews/status/1968181682294624457,1968181682294624457,bat d na lng sabay sabay kasi
https://x.com/PhilstarNews/status/1968181682294624457,1968181682294624457,Mga plan b ni Jr.
https://x.com/PhilstarNews/status/1968181682294624457,1968181682294624457,"hindi lang flood control projects ang focus ng luneta rally, philstar. sana naman wag mo idownplay na those activist groups carry the support and interest of the actual masses"
https://x.com/PhilstarNews/status/1968181682294624457,1968181682294624457,Sus both tungkol din sa corruption bat di nalang 1 lugar lahat.
https://x.com/PhilstarNews/status/1968181682294624457,1968181682294624457,Hope that the crowd is led by the right people or our nation falls into more division and distraction to more fundamental issue involving national security amid rising tension bet. US and China where Philippines is the prime target being a US military satellite.
https://x.com/PhilstarNews/status/1968181682294624457,1968181682294624457,safe ba pumunta mag isa?
https://x.com/PhilstarNews/status/1968181682294624457,1968181682294624457,thank u Phil Star
https://x.com/PhilstarNews/status/1968181682294624457,1968181682294624457,Bawal po ang DDS diyan
https://x.com/PhilstarNews/status/1968181682294624457,1968181682294624457,"See you sa Edsa, mga punyeta sila"
https://x.com/PhilstarNews/status/1968181682294624457,1968181682294624457,Cgurado sigaw nito patalsikin si Du30 ..buahhahahah
https://x.com/PhilstarNews/status/1968181682294624457,1968181682294624457,2 different rallies - how will the Filipino people win when they can’t even unite in just 1 cause? TSK!
https://x.com/PhilstarNews/status/1968181682294624457,1968181682294624457,"Yung mga DDS ay sa dolomite beach magsumiksik, sayang naman yung pinagmamalaki ninyong Duterte legacy"
https://x.com/PhilstarNews/status/1968181682294624457,1968181682294624457,"No DDS please. Dun sila sa Davao nag kalat ng basura, ihi at tae."
https://x.com/PhilstarNews/status/1968181682294624457,1968181682294624457,MILLION PO hinde thousand
https://x.com/PhilstarNews/status/1968181682294624457,1968181682294624457,"⛵ May we never forget that peaceful protest wins the hearts and minds of the people. Nonviolence is a powerful and just weapon, which cuts without wounding."
https://x.com/PhilstarNews/status/1968181682294624457,1968181682294624457,Let us see the Gen Z power. Baka hanggang keyboard warriors lang tong mga Gen Z’s. ✌️
https://x.com/PhilstarNews/status/1968181682294624457,1968181682294624457,Pwede magdala ng BBM resign na placard?
https://x.com/PhilstarNews/status/1968181682294624457,1968181682294624457,Nice to meet you again!
https://x.com/PhilstarNews/status/1968181682294624457,1968181682294624457,Anti-corruption po dapat ang layunin ng mga rally hindi para iluklok sa kapangyarihan ang mga corrupt.
https://x.com/PhilstarNews/status/1968188589143163377,1968188589143163377,"And the three main actors (Villanueva, Alcantara and Co) in the corruption are Thomasians, what happened to ethics and morality in UST?"
https://x.com/PhilstarNews/status/1967909083366953111,1967909083366953111,"Hindi lang pera ang ninakaw nila, pati oras at pagod ng milyon milyong pilipino. Imagine stuck ka sa traffic dahil sa road works tapos stuck ka lalo sa traffic kasi baha. Di ka makakapasok sa trabaho o eskwelahan. Kung may batas lang sana tayo na putulan ng mga kamay ang mga kawatan eh. Di na sila mga tao, mga walang konsensya!"
https://x.com/PhilstarNews/status/1967909083366953111,1967909083366953111,Tang ina tlaga mga mam ser. Lantarang binababoy bansa naten. Tapos napakatagal makulong? Tang ina tlaga!!
https://x.com/PhilstarNews/status/1967909083366953111,1967909083366953111,Wow nakakahiya! nakakasuka! nakakatakot sila na mamuna sa bansa! IBALIK ANG MAAAYOS NA PAMAMAHALA. Mga walang puso kayo para sa Pilipino!!!
https://x.com/PhilstarNews/status/1967909083366953111,1967909083366953111,Nakakagalit..nakakapikon na. Sana sa 2028 matuto na tayo.
https://x.com/PhilstarNews/status/1967909083366953111,1967909083366953111,"This is massive, syndicated, world-class Philippine government corruption.
https://x.com/PhilstarNews/status/1967909083366953111,1967909083366953111,1968123740467900635,https://x.com/loveintrocader1/status/1968123740467900635,"" This is what every hard-earned peso for taxes go?! Politicians wear their expensive suits and barongs, drive their SUVs like they own the streets, sit in polished offices, have kids and wives wear branded clothing. You should all resign!!! Nakakadiri na kayo."
https://x.com/PhilstarNews/status/1967909083366953111,1967909083366953111,Ayan naba ung bilyong pondo? props?lokohan na toh !!!!
https://x.com/PhilstarNews/status/1967909083366953111,1967909083366953111,Nakakasuka tong gobyerno at mga contractor na ito
https://x.com/PhilstarNews/status/1967909083366953111,1967909083366953111,wtf
https://x.com/PhilstarNews/status/1967909083366953111,1967909083366953111,"OMG grabe na talaga sila,ginawang career ang pagnanakaw!!!"
https://x.com/PhilstarNews/status/1967909083366953111,1967909083366953111,Demonyo talaga ang mga yan
https://x.com/PhilstarNews/status/1967909083366953111,1967909083366953111,kahit si satanas matatakot sa mga pinaggagawa ng mga to
https://x.com/PhilstarNews/status/1967909083366953111,1967909083366953111,Mga Pu
https://x.com/PhilstarNews/status/1967909083366953111,1967909083366953111,
https://x.com/PhilstarNews/status/1967909083366953111,1967909083366953111,GRABE
https://x.com/PhilstarNews/status/1967909083366953111,1967909083366953111,Enung yan
https://x.com/PhilstarNews/status/1967909083366953111,1967909083366953111,Grabe to
https://x.com/PhilstarNews/status/1967909083366953111,1967909083366953111,Wth
https://x.com/PhilstarNews/status/1967909083366953111,1967909083366953111,Ohhh La Union. It’s about time Ortega Dynasty.
https://x.com/PhilstarNews/status/1967875235442725017,1967875235442725017,Gumalaw din ang AMLC...Ombudsman nalang need na gumalaw...
