,,,,,,,,,,,,,,,,,,,,,,,,,,,,,,,,,,,,,,,,,,,,,
# -----------------------------------------------------------,,,,,,,,,,,,,,,,,,,,,,,,,,,,,,,,,,,,,,,,,,,,,
,,,,,,,,,,,,,,,,,,,,,,,,,,,,,,,,,,,,,,,,,,,,,
postUrl,postId,replyId,replyUrl,replyText,inReplyTo,timestamp,conversationId,media/0/id,media/0/mediaUrlHttps,media/0/type,media/1/id,media/1/mediaUrlHttps,media/1/type,media/2/id,media/2/mediaUrlHttps,media/2/type,media/3/id,media/3/mediaUrlHttps,media/3/type,author/description,author/favouritesCount,author/followersCount,author/friendsCount,author/name,author/screenName,replyCount,quoteCount,repostCount,favouriteCount,viewsCount,,,,,,,,,,,,,,,
https://x.com/iMPACTPH2019/status/1966730623055524065,1.96673062305552E+018,1.96722256170576E+018,https://x.com/KeannaMore/status/1967222561705762866,"@iMPACTPH2019 Andaming trolls against Kiko Dee, nakakalungkot.",1.96673062305552E+018,1757857382000,1.96673062305552E+018,,,,,,,,,,,,,,7668,61,1210,backtobasic,KeannaMore,0,0,0,0,53,,,,,,,,,,,,,,,
https://x.com/iMPACTPH2019/status/1966730623055524065,1.96673062305552E+018,1.96698987634537E+018,https://x.com/silvermoon004x/status/1966989876345369080,@iMPACTPH2019 aquino nanaman ang nangunguna lmao,1.96673062305552E+018,1757801906000,1.96673062305552E+018,,,,,,,,,,,,,a nut head in w3,2131,12,185,gamonon {•Demon Lord•},silvermoon004x,0,0,0,0,140,,,,,,,,,,,,,,,
https://x.com/iMPACTPH2019/status/1966730623055524065,1.96673062305552E+018,1.96674500891007E+018,https://x.com/happeea/status/1966745008910069846,@iMPACTPH2019 GodBless Our Country tama na sobra na!,1.96673062305552E+018,1757743525000,1.96673062305552E+018,,,,,,,,,,,,,,43856,823,291,#Gising Pilipinas!!!,happeea,1,0,0,3,338,,,,,,,,,,,,,,,
https://x.com/iMPACTPH2019/status/1966730623055524065,1.96673062305552E+018,1.96677107615684E+018,https://x.com/mal111g/status/1966771076156842303,@iMPACTPH2019 ,1.96673062305552E+018,1757749740000,1.96673062305552E+018,,,,,,,,,,,,,"For transparency, accountability, good governance, and a progressive economy.",10143,33,19,Gafe,mal111g,0,0,0,1,286,,,,,,,,,,,,,,,
https://x.com/iMPACTPH2019/status/1966730623055524065,1.96673062305552E+018,1.96684236792918E+018,https://x.com/altGenie/status/1966842367929184478,@iMPACTPH2019 Kiko Barzaga &gt; Kiko Dee,1.96673062305552E+018,1757766737000,1.96673062305552E+018,,,,,,,,,,,,,,28944,1580,161,Gene Altamonte,altGenie,4,0,2,12,442,,,,,,,,,,,,,,,
https://x.com/iMPACTPH2019/status/1966730623055524065,1.96673062305552E+018,1.96704173317655E+018,https://x.com/potpot1920/status/1967041733176553892,"""@iMPACTPH2019 SEPTEMBER 21",2025,,,,,,,,,,,,,,,,,,,,,,,,,,,,,,,,,,,,,,,,
https://x.com/iMPACTPH2019/status/1966730623055524065,1.96673062305552E+018,1.96686040859117E+018,https://x.com/TenBrans/status/1966860408591171972,@iMPACTPH2019 The man doesn’t know how a Filipino lives his life.,1.96673062305552E+018,1757771038000,1.96673062305552E+018,,,,,,,,,,,,,Love and Peace! ,47378,1200,1926,Tender Branson,TenBrans,0,0,0,0,141,,,,,,,,,,,,,,,
https://x.com/iMPACTPH2019/status/1966730623055524065,1.96673062305552E+018,1.96677535321859E+018,https://x.com/Generalcol07/status/1966775353218593232,@iMPACTPH2019 Ok good ,1.96673062305552E+018,1757750759000,1.96673062305552E+018,,,,,,,,,,,,,:3,12,17,18,General colonel,Generalcol07,0,0,0,0,237,,,,,,,,,,,,,,,
https://x.com/iMPACTPH2019/status/1966730623055524065,1.96673062305552E+018,1.9673876850243E+018,https://x.com/BortangTagaod/status/1967387685024301557,@iMPACTPH2019 Nakawala na naman sa mental.,1.96673062305552E+018,1757896751000,1.96673062305552E+018,,,,,,,,,,,,,,68,6,4,Bortang Tagaod,BortangTagaod,0,0,0,0,19,,,,,,,,,,,,,,,
https://x.com/iMPACTPH2019/status/1966730623055524065,1.96673062305552E+018,1.96720296176092E+018,https://x.com/lebronglockg5/status/1967202961760915886,@iMPACTPH2019 Parang Bangag o may problema sa pag iisip?,1.96673062305552E+018,1757852709000,1.96673062305552E+018,,,,,,,,,,,,,,438,15,68,Glock,lebronglockg5,0,0,0,0,25,,,,,,,,,,,,,,,
https://x.com/iMPACTPH2019/status/1966730623055524065,1.96673062305552E+018,1.96679837059038E+018,https://x.com/Jonathanbadon/status/1966798370590380462,"@iMPACTPH2019 IWAKSI ANG CORRUPTION!!! IBILANGGO HABANG BUHAY ANG MGA SALARIN!
IWAKSI ANG KOMUNISMO!
IWAKSI ANG DROGA! 
ITIGIL NA ANG PAMBABASTOS SA ATING DIYOS!
MAGBALIK-LOOB TAYO SA DIYOS!!!",1.96673062305552E+018,1757756247000,1.96673062305552E+018,,,,,,,,,,,,,,2769,502,948,Jonathan Badon,Jonathanbadon,0,0,0,0,100,,,,,,,,,,,,,,,
https://x.com/iMPACTPH2019/status/1966730623055524065,1.96673062305552E+018,1.96691109932613E+018,https://x.com/ruru_sequerra/status/1966911099326132452,@iMPACTPH2019 PKI SABI SA KANYANG ISOLI DIN NILA UNG PERANG NINAKAW NILA SA PILIPINAS!! SAN UNG PINAGBILHAN NG #GOLDRESERVEPH PARA GAWING #DOLLARRESERVE AT GAWING #OFW LHT NG PILIPINO HABANG ANG #COJUANCO_AQUINO AY NGPPASARP SA KITA NG MGA DUKHA,1.96673062305552E+018,1757783124000,1.96673062305552E+018,,,,,,,,,,,,,Simply a cat lover,9839,36,47,ruru_sequerra,ruru_sequerra,0,0,0,0,99,,,,,,,,,,,,,,,
https://x.com/iMPACTPH2019/status/1966730623055524065,1.96673062305552E+018,1.96688688721976E+018,https://x.com/Flyjmd76/status/1966886887219761155,@iMPACTPH2019 Enough is enough! Mga korap  https://t.co/pwdmXpDink,1.96673062305552E+018,1757777351000,1.96673062305552E+018,1.96688688097835E+018,https://pbs.twimg.com/media/G0vJMn4XMAAj4p0.jpg,photo,1.96688688097828E+018,https://pbs.twimg.com/media/G0vJMn4WEAAZrHD.jpg,photo,1.96688688096999E+018,https://pbs.twimg.com/media/G0vJMn2XsAAXzxe.jpg,photo,1.96688688097834E+018,https://pbs.twimg.com/media/G0vJMn4XEAEitXL.jpg,photo,,19118,192,603,Jax,Flyjmd76,1,0,0,0,79,,,,,,,,,,,,,,,
https://x.com/iMPACTPH2019/status/1966730623055524065,1.96673062305552E+018,1.96678227789319E+018,https://x.com/Zander1623/status/1966782277893189941,@iMPACTPH2019 Sumisigaw din yun mga pamilya ng SAF44,1.96673062305552E+018,1757752410000,1.96673062305552E+018,,,,,,,,,,,,,,262,5,176,Zander,Zander1623,2,0,0,4,184,,,,,,,,,,,,,,,
https://x.com/iMPACTPH2019/status/1966730623055524065,1.96673062305552E+018,1.96684940367282E+018,https://x.com/papapiols/status/1966849403672817904,@iMPACTPH2019 Another re.tard Aquino.,1.96673062305552E+018,1757768414000,1.96673062305552E+018,,,,,,,,,,,,,"I FIX LUNGS. CAN'T TOLERATE BULLSHITS.
Half Pinoy.. Half Balugs",14168,351,517,PAPA PiOLS  ,papapiols,0,0,0,0,82,,,,,,,,,,,,,,,
https://x.com/iMPACTPH2019/status/1966730623055524065,1.96673062305552E+018,1.9671828928132E+018,https://x.com/starbri55908738/status/1967182892813197620,"@iMPACTPH2019 Nakapgtataka, bakit d to nagrarally sa tapat ng Hda Luisita.",1.96673062305552E+018,1757847924000,1.96673062305552E+018,,,,,,,,,,,,,,4,0,6,starbright,starbri55908738,0,0,0,0,13,,,,,,,,,,,,,,,
https://x.com/iMPACTPH2019/status/1966730623055524065,1.96673062305552E+018,1.96718236933892E+018,https://x.com/starbri55908738/status/1967182369338917265,@iMPACTPH2019 Balik nio na naman Aquino? D ba kayo nagsawa? Puro palpak.,1.96673062305552E+018,1757847799000,1.96673062305552E+018,,,,,,,,,,,,,,4,0,6,starbright,starbri55908738,0,0,0,0,15,,,,,,,,,,,,,,,
https://x.com/iMPACTPH2019/status/1961146783968494014,1.96114678396849E+018,1.9616161011143E+018,https://x.com/HeyItsJohnLouie/status/1961616101114302830,@iMPACTPH2019 LOUDER!!!! I hope more and more people of influence will use their platform to voice their opinions on matters such as corruption.,1.96114678396849E+018,1756520698000,1.96114678396849E+018,,,,,,,,,,,,,New account | Views and opinions herein are mine and does not represent the views and opinions of the organizations I am associated with | IG: @heyitsjohnlouie,52,3,34,JL,HeyItsJohnLouie,0,0,1,2,650,,,,,,,,,,,,,,,
https://x.com/iMPACTPH2019/status/1961146783968494014,1.96114678396849E+018,1.96134191606858E+018,https://x.com/Kiraribami22/status/1961341916068581424,@iMPACTPH2019 queens!,1.96114678396849E+018,1756455327000,1.96114678396849E+018,,,,,,,,,,,,,,15026,2238,1393,Kirari,Kiraribami22,0,0,0,2,1503,,,,,,,,,,,,,,,
https://x.com/iMPACTPH2019/status/1961146783968494014,1.96114678396849E+018,1.96128487258605E+018,https://x.com/loveintrocader1/status/1961284872586051846,@iMPACTPH2019 I like it when people of influence speak up. It feels we are not wrong in calling out corruption.  It feels we are not alone. And it gives us courage and a voice.  We need to speak up because corruption is like a rapist that gags his victims to silence while taking pleasure.,1.96114678396849E+018,1756441727000,1.96114678396849E+018,,,,,,,,,,,,,,9334,107,722,loveintrocadero,loveintrocader1,0,0,0,35,1669,,,,,,,,,,,,,,,
https://x.com/iMPACTPH2019/status/1961146783968494014,1.96114678396849E+018,1.96119795935966E+018,https://x.com/Simply_PaulG23/status/1961197959359656085,@iMPACTPH2019 Corruption floats while knowledge sinks. Nalulubog na tayo sa pagbaha pati sa kaalaman dahil sa kasakiman. NAPAKASAKIT! https://t.co/00SqAtYwwo,1.96114678396849E+018,1756421005000,1.96114678396849E+018,1.96119793102301E+018,https://pbs.twimg.com/media/GzeTIJzbkAAqHmc.jpg,photo,,,,,,,,,,"Mr. Awesomeness, brainchild of Happiest Birthday in 2020 and False Asia, amusingly clever robot and DDShit noon may pagka slight Loyalistang Tagamasid",13131,698,1494,Detectivekuno,Simply_PaulG23,0,0,3,16,636,,,,,,,,,,,,,,,
https://x.com/iMPACTPH2019/status/1961146783968494014,1.96114678396849E+018,1.96122753946212E+018,https://x.com/romelarabia/status/1961227539462123933,@iMPACTPH2019 These 3 ladies earn my respect with the current issues in the government. Mas Matalino pa compared sa DDSHIT senators,1.96114678396849E+018,1756428057000,1.96114678396849E+018,,,,,,,,,,,,,Thinking about humanity and how I can be of help. Proud Kakampink,157356,1967,2819,Romel   ,romelarabia,0,0,1,20,1112,,,,,,,,,,,,,,,
https://x.com/iMPACTPH2019/status/1961146783968494014,1.96114678396849E+018,1.96124084871019E+018,https://x.com/iamjuanthegreat/status/1961240848710189135,@iMPACTPH2019 Anong masasabi ng asawa ni @SayChiz,1.96114678396849E+018,1756431231000,1.96114678396849E+018,,,,,,,,,,,,,Financial Technology Director / Paddler / Event Host / Radio Commentator / Songwriter / Travel Enthusiast / Servant Leader,26475,604,936,Anthony Bendo ,iamjuanthegreat,1,0,0,14,1278,,,,,,,,,,,,,,,
https://x.com/iMPACTPH2019/status/1961146783968494014,1.96114678396849E+018,1.9612803950536E+018,https://x.com/Scarlet_139/status/1961280395053601003,"@iMPACTPH2019 yes! never allow to normalize and make corruption acceptable to Filipino people, speak what is right and should be, boldly  at all times. ",1.96114678396849E+018,1756440659000,1.96114678396849E+018,,,,,,,,,,,,,,1704,58,141,Scarlet Red,Scarlet_139,0,0,1,12,1342,,,,,,,,,,,,,,,
https://x.com/iMPACTPH2019/status/1961146783968494014,1.96114678396849E+018,1.96142200048187E+018,https://x.com/etxetera/status/1961422000481866097,@iMPACTPH2019 Ang mga totoong stars di fans ang ulit ulit na inaaway kundi they speak on national issue lalo sa mga hayup na mga kontratista at demonyong mga pulitiko.,1.96114678396849E+018,1756474421000,1.96114678396849E+018,,,,,,,,,,,,,"Yₒᵤᵣ ᵥᵢₑₛ ᵢₛ ᵧₒᵤᵣₛ ₐₙ ₘᵢₙₑ ᵢₛ ₘᵢₙₑ  #NoToNarcissisticAbusers #NoToManipulators
https://x.com/iMPACTPH2019/status/1961146783968494014,1961146783968494014,1961626865942368539,https://x.com/iamRJyouknow/status/1961626865942368539,""@iMPACTPH2019 DON'T LET THIS ISSUE DIE!!!! Lahat tayo ninakawan, at ninanakawan. And this has been the case since day 1. THIS HAS TO STOP. Nakakagalit at nakakalungkot na habang naghihirap tayo para lamang mabuhay at mkpgbayad ng buwis, yung mga magnanakaw at halos hndi na tumapak sa lupa.",1.96114678396849E+018,1756523264000,1.96114678396849E+018,,,,,,,,,,,,,,,,,,,,,,
https://x.com/iMPACTPH2019/status/1961146783968494014,1.96114678396849E+018,1.96136987063088E+018,https://x.com/jeronvier/status/1961369870630883805,@iMPACTPH2019 yes..this celebs has all the rights to voice out..kase malaki ang tax na ambag ng mga yan..haha,1.96114678396849E+018,1756461992000,1.96114678396849E+018,,,,,,,,,,,,,"Let your mind be your leader,
and your heart as your soul.
",280,724,18,@Justalvier,jeronvier,0,0,0,1,778,,,,,,,,,,,,,,,
https://x.com/iMPACTPH2019/status/1961146783968494014,1.96114678396849E+018,1.96116975992141E+018,https://x.com/robert1001smith/status/1961169759921406358,@iMPACTPH2019 @iamcarlabellana,1.96114678396849E+018,1756414282000,1.96114678396849E+018,,,,,,,,,,,,,duterte is in icc jail & soon his cohorts,32540,264,561,DUTERTE'S FRIENDS SOON IN JAIL,robert1001smith,0,0,0,1,980,,,,,,,,,,,,,,,
https://x.com/iMPACTPH2019/status/1961146783968494014,1.96114678396849E+018,1.96129606014125E+018,https://x.com/cat_riyadh/status/1961296060141244884,@iMPACTPH2019 Duwag yan!! E mentioned nyu Pangalan ni Bangag jan maniniwala tao bayan sa inyu!!,1.96114678396849E+018,1756444394000,1.96114678396849E+018,,,,,,,,,,,,,❤️ seller@ Persian Cat Scottish fold kittens Exotic shorthair kittens Russian blue Rhagdoll Golden retriever,50,87,283, ACCEPTING PET SITTING & LOVING CARE!  ,cat_riyadh,1,0,0,1,831,,,,,,,,,,,,,,,
https://x.com/iMPACTPH2019/status/1961146783968494014,1.96114678396849E+018,1.96141264708304E+018,https://x.com/Jhayne1234/status/1961412647083036860,@iMPACTPH2019 Sa true: a g bansa natin ay hindi mahirap  talagang talamak lang ang mag nanakaw na pulitiko,1.96114678396849E+018,1756472191000,1.96114678396849E+018,,,,,,,,,,,,,#MaymayEntrata | @ji_nisa027,23171,1358,1095,JHAYNE 22,Jhayne1234,0,0,0,1,449,,,,,,,,,,,,,,,
https://x.com/iMPACTPH2019/status/1961146783968494014,1.96114678396849E+018,1.96182123472923E+018,https://x.com/JeongWooNo0922/status/1961821234729234780,@iMPACTPH2019 https://t.co/McWwJ2zLO4,1.96114678396849E+018,1756569605000,1.96114678396849E+018,1.96182122841261E+018,https://pbs.twimg.com/media/GznKA1haoAEZ2cp.jpg,photo,,,,,,,,,,Isaiah40:31 ✨ₗₑₜ ₘₑ ₜᵣₑₐₛᵤᵣₑ yₒᵤ~✨     ❤️❤️,12257,14,56,✨♡ⓕⓕ ♡✨,JeongWooNo0922,0,0,0,1,92,,,,,,,,,,,,,,,
https://x.com/iMPACTPH2019/status/1961146783968494014,1.96114678396849E+018,1.96145229611162E+018,https://x.com/Binibingkaa123/status/1961452296111620305,@iMPACTPH2019 Queen thingz,1.96114678396849E+018,1756481644000,1.96114678396849E+018,,,,,,,,,,,,,look at her now ,26869,35,164,hildegard,Binibingkaa123,0,0,0,0,401,,,,,,,,,,,,,,,
https://x.com/iMPACTPH2019/status/1961146783968494014,1.96114678396849E+018,1.96141670513495E+018,https://x.com/remaen528/status/1961416705134952794,@iMPACTPH2019 Bakit niyo kasi Binoto si BBM alam na nga corrupt tatay niya saan ba mag mamana,1.96114678396849E+018,1756473158000,1.96114678396849E+018,,,,,,,,,,,,,,6656,50,221,Chai Mace,remaen528,0,0,0,0,27,,,,,,,,,,,,,,,
https://x.com/iMPACTPH2019/status/1961146783968494014,1.96114678396849E+018,1.96140795111529E+018,https://x.com/Pizza_Yuna1209/status/1961407951115292827,@iMPACTPH2019 Nice louder,1.96114678396849E+018,1756471071000,1.96114678396849E+018,,,,,,,,,,,,,"MIDZY, ONCE
Shin Yuna 유나 
he/him
Fanboy, 22 yr , FindingMidzy moots❤️",84129,1211,1914,Alsace_Yuna ( Daru),Pizza_Yuna1209,0,0,0,0,467,,,,,,,,,,,,,,,
https://x.com/iMPACTPH2019/status/1961146783968494014,1.96114678396849E+018,1.9613178463083E+018,https://x.com/RaldGomie/status/1961317846308299011,@iMPACTPH2019 Still BBM pa rin☠️,1.96114678396849E+018,1756449588000,1.96114678396849E+018,,,,,,,,,,,,,"Chainphon Miner
https://t.co/ihxnQ2EvSf",277,33,28,Rald Gomie,RaldGomie,0,0,0,0,495,,,,,,,,,,,,,,,
https://x.com/iMPACTPH2019/status/1961146783968494014,1.96114678396849E+018,1.96137773812147E+018,https://x.com/bananaNcheese/status/1961377738121474095,@iMPACTPH2019 Good job!,1.96114678396849E+018,1756463868000,1.96114678396849E+018,,,,,,,,,,,,,,1084,4,45,Meeh,bananaNcheese,0,0,0,0,568,,,,,,,,,,,,,,,
https://x.com/iMPACTPH2019/status/1587475030115774466,1.58747503011577E+018,1.58758705724892E+018,https://x.com/erichtchua/status/1587587057248915457,@iMPACTPH2019 While simultaneously not elaborating what those proactive measures are. Conveniently make it so  that it cant be parsed and critiqued upon.,1.58747503011577E+018,1667345225000,1.58747503011577E+018,,,,,,,,,,,,,Commerce | Industry | Entrepreneur | Political Junkie | Catholic | Conservative | Focused on semiconductors & AI's impact Opinions are my own musings,80943,759,1436,Northern Shade,erichtchua,0,0,0,0,,,,,,,,,,,,,,,,
https://x.com/iMPACTPH2019/status/1587475030115774466,1.58747503011577E+018,1.58747736179617E+018,https://x.com/JBidencio/status/1587477361796165633,@iMPACTPH2019 Tree planting has been going on for years and even taught to elementary grades. It's not a new idea as proposed by BBM. The problem lies in the greed and corruption of government officials conniving with lumber barons as they denude even reforested areas.,1.58747503011577E+018,1667319071000,1.58747503011577E+018,,,,,,,,,,,,,Retard Politician,16374,447,220,Joseph BIDENCIO,JBidencio,5,2,18,257,,,,,,,,,,,,,,,,
https://x.com/iMPACTPH2019/status/1587475030115774466,1.58747503011577E+018,1.58747825616468E+018,https://x.com/memamamyajin/status/1587478256164679680,"@iMPACTPH2019 FVPLR knows what she's talking about because she used to work in river basin management. In fact, dun sila nagkakilala ni late Sec. Jesse.",1.58747503011577E+018,1667319284000,1.58747503011577E+018,,,,,,,,,,,,,Whatever strikes my fancy at any particular time.,11441,190,799,♪ m ч r ø č k  ♪ | PurplePink♀️Maroon✊️,memamamyajin,1,0,0,121,,,,,,,,,,,,,,,,
https://x.com/iMPACTPH2019/status/1587475030115774466,1.58747503011577E+018,1.58759932936758E+018,https://x.com/iheartpangga/status/1587599329367576576,@iMPACTPH2019 Reasons why candidates must attend debates… para alam ng botante kung may alam or waley,1.58747503011577E+018,1667348150000,1.58747503011577E+018,,,,,,,,,,,,,,1968,24,192,iheartpangga,iheartpangga,0,0,5,60,,,,,,,,,,,,,,,,
https://x.com/iMPACTPH2019/status/1587475030115774466,1.58747503011577E+018,1.5875796729003E+018,https://x.com/_suparmand/status/1587579672900296704,"@iMPACTPH2019 Someone read up on Climate Change since Karding pero mukhang hindi pa tapos sa pagbabaasa, hanggang tree planting pa lang ang kayang ibigay na solusyon.",1.58747503011577E+018,1667343464000,1.58747503011577E+018,,,,,,,,,,,,,"random ramblings and rantings here. Parfois, j'écris en français.",1160,178,163,suparmand,_suparmand,0,0,1,53,,,,,,,,,,,,,,,,
https://x.com/iMPACTPH2019/status/1587475030115774466,1.58747503011577E+018,1.58752108925679E+018,https://x.com/MelissaMichign/status/1587521089256787968,@iMPACTPH2019 https://t.co/cahkFSS0UU,1.58747503011577E+018,1667329497000,1.58747503011577E+018,1.58752108565799E+018,https://pbs.twimg.com/media/FggCBDAWQAcZ5pm.jpg,photo,,,,,,,,,,,3673,14,132,m,MelissaMichign,1,0,3,22,,,,,,,,,,,,,,,,
https://x.com/iMPACTPH2019/status/1587475030115774466,1.58747503011577E+018,1.58749813498427E+018,https://x.com/charlesmonday/status/1587498134984269824,@iMPACTPH2019 Ang lakas maka elementary nung tree planting,1.58747503011577E+018,1667324024000,1.58747503011577E+018,,,,,,,,,,,,,everything you like i liked five years ago hello@charlesmonday.com,44822,314,489,charles monday,charlesmonday,0,0,0,27,,,,,,,,,,,,,,,,
https://x.com/iMPACTPH2019/status/1587475030115774466,1.58747503011577E+018,1.5875392424731E+018,https://x.com/strychninelives/status/1587539242473099265,@iMPACTPH2019 As if sobrang bilis tumubo ng mga puno,1.58747503011577E+018,1667333825000,1.58747503011577E+018,,,,,,,,,,,,,"Gentle friend, but brutally outspoken. Single names with long sets of numbers,  women’s names with OF links, or fake Mu5k accounts should take a hike.",62970,207,299,JLX,strychninelives,0,0,1,23,,,,,,,,,,,,,,,,
https://x.com/iMPACTPH2019/status/1587475030115774466,1.58747503011577E+018,1.58758915982452E+018,https://x.com/Malditokobai/status/1587589159824523265,"@iMPACTPH2019 Akalain mo yun, tree planting lng pala solusyon!?!? At least may naiambag hindi ko inexpek Mr President.",1.58747503011577E+018,1667345726000,1.58747503011577E+018,,,,,,,,,,,,,Always be kind to yourself.,2797,735,136,Paoix,Malditokobai,1,1,1,23,,,,,,,,,,,,,,,,
https://x.com/iMPACTPH2019/status/1587475030115774466,1.58747503011577E+018,1.58752266433557E+018,https://x.com/kevvvz_martinez/status/1587522664335568896,"@iMPACTPH2019 Tanga nga kase yung bengbeng. Hanggang tree planting lang yung understanding. Bago pa magkaugat yung puno naanod na ng baha at naitangay na ng bagyo. Asa ka sa tamad na yan, eh nakatira yan sa mansyon. Wala ba syang magaling na advisor?",1.58747503011577E+018,1667329872000,1.58747503011577E+018,,,,,,,,,,,,,,4753,287,228,Kevin J Martinez,kevvvz_martinez,7,0,1,18,,,,,,,,,,,,,,,,
https://x.com/iMPACTPH2019/status/1587475030115774466,1.58747503011577E+018,1.5875992200931E+018,https://x.com/JesusMutya/status/1587599220093100034,"@iMPACTPH2019 Sir Naman,Tree planting????so maghihintay p tau kung kelan magiging ganap n puno ung itatanim nyo ngaun?Ang iharang nyo s bundok kapag nag uuulan eh ung mga illegal loggers!tsaka kau gumawa ng programa pra s climate change n yan.",1.58747503011577E+018,1667348124000,1.58747503011577E+018,,,,,,,,,,,,,to da ,4178,6,74,,JesusMutya,7,0,1,16,,,,,,,,,,,,,,,,
https://x.com/iMPACTPH2019/status/1587475030115774466,1.58747503011577E+018,1.58759208504961E+018,https://x.com/slabster13/status/1587592085049610241,@iMPACTPH2019 Tree planting... Tangina pang elementary ,1.58747503011577E+018,1667346423000,1.58747503011577E+018,,,,,,,,,,,,,"  
Yes, I shit post.",29937,455,1053,slabster13,slabster13,0,0,0,16,,,,,,,,,,,,,,,,
https://x.com/iMPACTPH2019/status/1587475030115774466,1.58747503011577E+018,1.58748492668492E+018,https://x.com/liberalfilipina/status/1587484926684921859,@iMPACTPH2019 Not only just replanting though. Stop destroying them. There needs to be mass mangrove rehabilitation.,1.58747503011577E+018,1667320875000,1.58747503011577E+018,,,,,,,,,,,,,,2251,242,438,Filipina Activist,liberalfilipina,2,0,0,15,,,,,,,,,,,,,,,,
https://x.com/iMPACTPH2019/status/1587475030115774466,1.58747503011577E+018,1.58752796021897E+018,https://x.com/jeniromano7595/status/1587527960218972160,@iMPACTPH2019 My God. Matagal na po kaming nagttree planting hahahaha,1.58747503011577E+018,1667331135000,1.58747503011577E+018,,,,,,,,,,,,,,5077,17,87,jeniromano,jeniromano7595,0,0,0,7,,,,,,,,,,,,,,,,
https://x.com/iMPACTPH2019/status/1816445512851370290,1.81644551285137E+018,1.81670565337885E+018,https://x.com/nixonapun/status/1816705653378847059,@iMPACTPH2019 At nagtanong pa talaga si Sen. Chiz Escudero (@SayChiz) in fairness!,1.81644551285137E+018,1721971355000,1.81644551285137E+018,,,,,,,,,,,,,I hope I didn't bore you too much with my life story. --- @ElvisPresley,125947,1624,234,AC Nixon,nixonapun,1,0,0,5,461,,,,,,,,,,,,,,,
https://x.com/iMPACTPH2019/status/1816445512851370290,1.81644551285137E+018,1.81648237372444E+018,https://x.com/Unity203B/status/1816482373724434863,"@iMPACTPH2019 Kahit anong flood control projects gawin, kung may nakabalandrang reclamation at pumipigil sa maayos na daluy ng ilog Pasig at sa Manila Bay, babagal ang takbo ng tubig ulan at tataas ang tubig sa mga kaloob-looban na mga lugar.",1.81644551285137E+018,1721918121000,1.81644551285137E+018,,,,,,,,,,,,,,76870,411,437,DayunyorLBM,Unity203B,2,0,1,15,759,,,,,,,,,,,,,,,
https://x.com/iMPACTPH2019/status/1816445512851370290,1.81644551285137E+018,1.81655277981893E+018,https://x.com/thelittlebigth2/status/1816552779818926486,@iMPACTPH2019 Bat kami tanungin nyo e kayo nasa gobyerno.  Kami ang dapat mag tanong kasi buwis namin ginamit nyo pambayad.  ,1.81644551285137E+018,1721934907000,1.81644551285137E+018,,,,,,,,,,,,,mature. dadee. my other side. ,16634,356,958,@dondon-lee,thelittlebigth2,1,0,0,6,487,,,,,,,,,,,,,,,
https://x.com/iMPACTPH2019/status/1816445512851370290,1.81644551285137E+018,1.81662142758561E+018,https://x.com/nlrmahor18/status/1816621427585606017,"@iMPACTPH2019 Pagtuunan din ninyo ng pansin ang garbage disposal system natin sa mga cities. Kahit may flood control projects kung patuloy ang pagtapon ng basura sa mga highly urbanized areas  at sa mga waterways natin, wala pong silbi ang mga flood control projects ng gov't. @SayChiz",1.81644551285137E+018,1721951274000,1.81644551285137E+018,,,,,,,,,,,,,"Do what you can, with what you have, where you are. — Theodore Roosevelt",5238,92,64,nlrmahor,nlrmahor18,1,0,1,4,191,,,,,,,,,,,,,,,
https://x.com/iMPACTPH2019/status/1816445512851370290,1.81644551285137E+018,1.8165078730376E+018,https://x.com/Silver_Hecate/status/1816507873037599101,@iMPACTPH2019 Nakatago.... Sa bulsa nung mga kumita dun sa projects,1.81644551285137E+018,1721924200000,1.81644551285137E+018,,,,,,,,,,,,,,143034,73,483,J.C.N.,Silver_Hecate,0,0,0,5,500,,,,,,,,,,,,,,,
https://x.com/iMPACTPH2019/status/1816445512851370290,1.81644551285137E+018,1.81663074113831E+018,https://x.com/nlrmahor18/status/1816630741138309143,@iMPACTPH2019 SP @SayChiz do not forget the rising sea level po. May projection ang Greenpeace PH na by 2030 (6 years from now) Manila could be underwater na because of the rising sea levels. Kaya need po yan isama sa pag form ng gobyerno ng programs and policies for LONG TERM FLOOD CONTROL.,1.81644551285137E+018,1721953494000,1.81644551285137E+018,,,,,,,,,,,,,"Do what you can, with what you have, where you are. — Theodore Roosevelt",5238,92,64,nlrmahor,nlrmahor18,0,0,0,4,129,,,,,,,,,,,,,,,
https://x.com/iMPACTPH2019/status/1816445512851370290,1.81644551285137E+018,1.81659673557117E+018,https://x.com/NiloDipos/status/1816596735571165274,@iMPACTPH2019 40 % punta sa wallet ng contractors at politicians,1.81644551285137E+018,1721945387000,1.81644551285137E+018,,,,,,,,,,,,,Thinker sports lover book worm movie buff,29,54,236,NOD,NiloDipos,0,0,0,4,328,,,,,,,,,,,,,,,
https://x.com/iMPACTPH2019/status/1816445512851370290,1.81644551285137E+018,1.81645064734636E+018,https://x.com/quency_martinaC/status/1816450647346360524,@iMPACTPH2019 pakisamang imbestigahan ang @cebugovph,1.81644551285137E+018,1721910557000,1.81644551285137E+018,,,,,,,,,,,,,freelancer,119712,979,1004,Quency,quency_martinaC,0,0,0,4,771,,,,,,,,,,,,,,,
https://x.com/iMPACTPH2019/status/1816445512851370290,1.81644551285137E+018,1.8166177209702E+018,https://x.com/SageTreacherous/status/1816617720970203441,@iMPACTPH2019 Tanong nyo lay Mark Villar.,1.81644551285137E+018,1721950390000,1.81644551285137E+018,,,,,,,,,,,,,The Endsinger was right.,248535,230,5770,SageTreacherous,SageTreacherous,1,0,0,2,177,,,,,,,,,,,,,,,
https://x.com/iMPACTPH2019/status/1816445512851370290,1.81644551285137E+018,1.81663710399814E+018,https://x.com/ZecksosaurusRex/status/1816637103998140704,"@iMPACTPH2019 Taon-taon nyong tinatanong yan, ba’t di nyo mahanap ang sagot. Kayo kayo din naman po ang nandyan.",1.81644551285137E+018,1721955011000,1.81644551285137E+018,,,,,,,,,,,,,On #Twitter to avoid people on #Facebook,31354,102,1282,ʞɔǝz ,ZecksosaurusRex,0,0,0,2,88,,,,,,,,,,,,,,,
https://x.com/iMPACTPH2019/status/1816445512851370290,1.81644551285137E+018,1.81661079601483E+018,https://x.com/JustJustkevin/status/1816610796014829924,@iMPACTPH2019 Sama nyo na din po mga local LGU sa hearing. may allocations sila for those types of projects.,1.81644551285137E+018,1721948739000,1.81644551285137E+018,,,,,,,,,,,,,Crypto Noob,3729,54,267,Just Kevs ,JustJustkevin,0,0,0,2,248,,,,,,,,,,,,,,,
https://x.com/iMPACTPH2019/status/1816445512851370290,1.81644551285137E+018,1.81661399791713E+018,https://x.com/olimcauco/status/1816613997917130885,"@iMPACTPH2019 eh dpwh/lgu/mmda ayan na, umayos kayo puro kayo kurakot. peace",1.81644551285137E+018,1721949502000,1.81644551285137E+018,,,,,,,,,,,,,,47196,1610,2875,oscar,olimcauco,0,0,0,2,209,,,,,,,,,,,,,,,
https://x.com/iMPACTPH2019/status/1816445512851370290,1.81644551285137E+018,1.81676938571936E+018,https://x.com/razcieg/status/1816769385719361847,@iMPACTPH2019 Chiz being an author and sponsor to gas bills shouldn't be saying something like this. Your legislations supports climate criminals so pls lang,1.81644551285137E+018,1721986550000,1.81644551285137E+018,,,,,,,,,,,,,‍️,42166,1978,451,真皇,razcieg,0,0,0,2,23,,,,,,,,,,,,,,,
https://x.com/iMPACTPH2019/status/1816445512851370290,1.81644551285137E+018,1.8165890962756E+018,https://x.com/EtormaRodel/status/1816589096275595559,@iMPACTPH2019 ninakaw ni pulong at bbm tru san miguel nman kaya ubos di naayos ang bulakan,1.81644551285137E+018,1721943565000,1.81644551285137E+018,,,,,,,,,,,,,,4962,288,1041,Rodel Etorma,EtormaRodel,0,0,0,2,401,,,,,,,,,,,,,,,
https://x.com/iMPACTPH2019/status/1816445512851370290,1.81644551285137E+018,1.8170269113542E+018,https://x.com/isabelmerana/status/1817026911354204527,"@iMPACTPH2019 Maraming yumayaman na DE!! Kaya naman yung friend ko na married sa anak ng isang DE noong panahon ni Macoy Sr, loyalist pa  rin until now.",1.81644551285137E+018,1722047949000,1.81644551285137E+018,,,,,,,,,,,,,,253462,13366,2021,bella,isabelmerana,0,0,0,1,25,,,,,,,,,,,,,,,
https://x.com/iMPACTPH2019/status/1816445512851370290,1.81644551285137E+018,1.81668221013871E+018,https://x.com/BeyHivePress/status/1816682210138714196,@iMPACTPH2019 aantayin niyo nanaman si Sen Risa para mag siyasat nito?,1.81644551285137E+018,1721965765000,1.81644551285137E+018,,,,,,,,,,,,,Saw Beyonce Live. Will Drag other fandoms to filth,58092,1891,1076,BEYONCE NEWS,BeyHivePress,0,0,0,1,46,,,,,,,,,,,,,,,
https://x.com/iMPACTPH2019/status/1816445512851370290,1.81644551285137E+018,1.81667854405729E+018,https://x.com/dyanlery/status/1816678544057287160,@iMPACTPH2019 Tanungin nio pa yan sa mga sarili nio wag nio kmi idamay!!!! ,1.81644551285137E+018,1721964891000,1.81644551285137E+018,,,,,,,,,,,,,philippians 4:13,56196,148,963,jeyjey,dyanlery,0,0,0,1,41,,,,,,,,,,,,,,,
https://x.com/iMPACTPH2019/status/1816445512851370290,1.81644551285137E+018,1.81667115384883E+018,https://x.com/of_357/status/1816671153848832480,"@iMPACTPH2019 Sen. Chiz, puede umpisahan mo ang imbestigasyon sa Davao City? Meron Congressman doon na naka received ng 51B Pork Barrel Funds. Eh hanngang ngayon bumabaha pa din.",1.81644551285137E+018,1721963129000,1.81644551285137E+018,,,,,,,,,,,,,,2031,800,1115,GORIO,of_357,1,0,0,1,60,,,,,,,,,,,,,,,
https://x.com/iMPACTPH2019/status/1967117296071307450,1.96711729607131E+018,1.96718211682086E+018,https://x.com/airamlene/status/1967182116820857181,@iMPACTPH2019 tawa sla ksi d nla bet si Kiko. Pero di nla alam ang ganyan ksi.puro lng sla nakatutok ky dutae,1.96711729607131E+018,1757847739000,1.96711729607131E+018,,,,,,,,,,,,, & ,131681,249,231,Märyå ,airamlene,1,0,0,0,1036,,,,,,,,,,,,,,,
https://x.com/iMPACTPH2019/status/1967117296071307450,1.96711729607131E+018,1.9671360828161E+018,https://x.com/reb_12345/status/1967136082816102555,@iMPACTPH2019 Lagi sinasabi band-aid solution daw. Hindi naman ibig Sabihin na lagyan ng band-aid eh Hindi na hahanap ng pangmatagalang solusyon. Tsaka Ang pangmatagalang solusyon usually pangmatagalan din makikita Ang epekto. Tsaka ang pangmatagalang solusyon talaga is to curve corruption.,1.96711729607131E+018,1757836764000,1.96711729607131E+018,,,,,,,,,,,,,"ASPIE
Fan of 
ROCKETS
ALDEN
HARDEN
BTS⁷
Who said people are animals of wisdom?
For me, obviously, we are animals of regrets.",247604,2074,1576,reb ,reb_12345,0,0,0,0,2029,,,,,,,,,,,,,,,
https://x.com/iMPACTPH2019/status/1967117296071307450,1.96711729607131E+018,1.96723366533292E+018,https://x.com/AttyLiletMatias/status/1967233665332920720,"@iMPACTPH2019 Sabi ni Kaufman, nag-uulyanin na daw ang matandang kriminal na nasa The Hague, di naman kami na-inform na pati pala mga bobong DDS naging ulyanin na din. Sakit talaga ang pagiging DDS, kung anong sumpa meron ang inutil na si Rodrigo, nagkakaroon din ang mga tangang DDS.",1.96711729607131E+018,1757860029000,1.96711729607131E+018,,,,,,,,,,,,,Attorney-at-law ⚖️ | Parody and unofficial.,6559,5736,878,Atty. Lilet Matias,AttyLiletMatias,0,0,0,8,1299,,,,,,,,,,,,,,,
https://x.com/iMPACTPH2019/status/1967117296071307450,1.96711729607131E+018,1.96720251825099E+018,https://x.com/SoritaLisa60347/status/1967202518250991747,@iMPACTPH2019 Haha! Tapos mga anak nila nasa una ng pila! Mga DDS talaga!,1.96711729607131E+018,1757852603000,1.96711729607131E+018,,,,,,,,,,,,,,28646,92,116,Titang Ina,SoritaLisa60347,0,0,0,0,828,,,,,,,,,,,,,,,
https://x.com/iMPACTPH2019/status/1967117296071307450,1.96711729607131E+018,1.96744831410809E+018,https://x.com/jeronvier/status/1967448314108092629,@iMPACTPH2019 wag kame pero nakapila sa ayuda,1.96711729607131E+018,1757911206000,1.96711729607131E+018,,,,,,,,,,,,,"Let your mind be your leader,
and your heart as your soul.
",280,724,18,@Justalvier,jeronvier,0,0,0,0,111,,,,,,,,,,,,,,,
https://x.com/iMPACTPH2019/status/1967117296071307450,1.96711729607131E+018,1.96715422445595E+018,https://x.com/johnmariomag/status/1967154224455946284,@iMPACTPH2019 https://t.co/GWonSGp2sL,1.96711729607131E+018,1757841089000,1.96711729607131E+018,1.96715422170447E+018,https://pbs.twimg.com/media/G0y8V5sa8AAyU4F.jpg,photo,,,,,,,,,,"I want it neat and sweet 

⚖️♊",643208,3415,4896,johnmariomag,johnmariomag,0,0,1,10,899,,,,,,,,,,,,,,,
https://x.com/iMPACTPH2019/status/1967117296071307450,1.96711729607131E+018,1.96715424954623E+018,https://x.com/johnmariomag/status/1967154249546231979,@iMPACTPH2019 https://t.co/2d2IyjYW9v,1.96711729607131E+018,1757841095000,1.96711729607131E+018,1.96715424661864E+018,https://pbs.twimg.com/media/G0y8XWgbAAER5Dj.jpg,photo,,,,,,,,,,"I want it neat and sweet 

⚖️♊",643208,3415,4896,johnmariomag,johnmariomag,0,0,0,0,896,,,,,,,,,,,,,,,
https://x.com/iMPACTPH2019/status/1967117296071307450,1.96711729607131E+018,1.96719340912445E+018,https://x.com/Belle4604397878/status/1967193409124450506,@iMPACTPH2019 Yung mga nag haha 99.9 % mangunguna mga yan sa pila,1.96711729607131E+018,1757850432000,1.96711729607131E+018,,,,,,,,,,,,,,1308,3,5,Belle,Belle4604397878,0,0,0,4,879,,,,,,,,,,,,,,,
https://x.com/iMPACTPH2019/status/1967117296071307450,1.96711729607131E+018,1.96719247901241E+018,https://x.com/LiarsClowns/status/1967192479012409493,@iMPACTPH2019 https://t.co/JOwatFI3Pq,1.96711729607131E+018,1757850210000,1.96711729607131E+018,1.9671924682414E+018,https://pbs.twimg.com/tweet_video_thumb/G0zfIJJaUAE3Kby.jpg,animated_gif,,,,,,,,,,"Iniibig ko ang Pilipinas, aking lupang sinilangan, tahanan ng aking lahi; kinukupkop ako at tinutulungang maging malakas, masipag at marangal.",115805,860,673,Liars and Clowns ,LiarsClowns,0,0,0,0,613,,,,,,,,,,,,,,,
https://x.com/iMPACTPH2019/status/1967117296071307450,1.96711729607131E+018,1.96714769913808E+018,https://x.com/dantedelpilar/status/1967147699138081121,@iMPACTPH2019 Pag nalaman nilang batas na nilagdaan ni Du30 yan magbabaliktaran mga yan. Kita mo pupurihin pa nila. Ganyan kagagaling mga DDS. Ha ha!,1.96711729607131E+018,1757839533000,1.96711729607131E+018,,,,,,,,,,,,,Carpenter,1358,267,526,Pangyaw,dantedelpilar,1,0,0,40,1545,,,,,,,,,,,,,,,
https://x.com/iMPACTPH2019/status/1967117296071307450,1.96711729607131E+018,1.96715217533715E+018,https://x.com/skullohmania/status/1967152175337152599,@iMPACTPH2019 Kunin 'yong pangalan ng mga nag-haha. Tapos 'wag isama 'yong mga anak nila sa walambayad na agahan. ,1.96711729607131E+018,1757840601000,1.96711729607131E+018,,,,,,,,,,,,,a horcrux,58772,1375,677,skullohmania ,skullohmania,0,0,0,21,1110,,,,,,,,,,,,,,,
https://x.com/iMPACTPH2019/status/1967117296071307450,1.96711729607131E+018,1.96720492319776E+018,https://x.com/MBenzPHIL/status/1967204923197759699,@iMPACTPH2019 The DDS troll farm machinery in full swing but it backfired— yet again. ,1.96711729607131E+018,1757853177000,1.96711729607131E+018,,,,,,,,,,,,,"Everything for the Philippines, but first Filipinos.",784,22,163,MBenz,MBenzPHIL,0,0,0,5,580,,,,,,,,,,,,,,,
https://x.com/iMPACTPH2019/status/1967117296071307450,1.96711729607131E+018,1.96714559740179E+018,https://x.com/byebyetroll/status/1967145597401788811,@iMPACTPH2019 Yung nag haha hindi bigyan ng libre almusal. Mga plastik sila pa naman ang umaasa sa ayuda.,1.96711729607131E+018,1757839032000,1.96711729607131E+018,,,,,,,,,,,,,Filipino | tax payer | thinks you need a good sense of humor to live in this country ,18313,366,575,Mixed Nuts,byebyetroll,0,0,0,2,859,,,,,,,,,,,,,,,
https://x.com/iMPACTPH2019/status/1967117296071307450,1.96711729607131E+018,1.96733894677987E+018,https://x.com/crezyayfurki_03/status/1967338946779865353,@iMPACTPH2019 Yung nga HAHAHAHAA sila yung Mga umaasa sa feeding sa skul nga dds,1.96711729607131E+018,1757885130000,1.96711729607131E+018,,,,,,,,,,,,,"Damie
Blue hart
Jamie 
dakota

SERTIFIED DAMIE ♥︎ kathden ng buhay ko",115057,281,230,craziness!!!,crezyayfurki_03,0,0,0,0,168,,,,,,,,,,,,,,,
https://x.com/iMPACTPH2019/status/1967117296071307450,1.96711729607131E+018,1.9671767448024E+018,https://x.com/myShaylla24/status/1967176744802398501,@iMPACTPH2019 Naku po!!! Biglang liko mga DDS nyan ahahahahahahahaha,1.96711729607131E+018,1757846458000,1.96711729607131E+018,,,,,,,,,,,,,,28756,53,77,,myShaylla24,0,0,0,0,417,,,,,,,,,,,,,,,
https://x.com/iMPACTPH2019/status/1967117296071307450,1.96711729607131E+018,1.96718584926903E+018,https://x.com/curgoatthirty/status/1967185849269030926,@iMPACTPH2019 Dds in big 2025 ,1.96711729607131E+018,1757848629000,1.96711729607131E+018,,,,,,,,,,,,,#dubnation #StephenCurry‍ IFB.,10477,378,485,CurGoat30,curgoatthirty,0,0,0,0,361,,,,,,,,,,,,,,,
https://x.com/iMPACTPH2019/status/1967117296071307450,1.96711729607131E+018,1.9672126409562E+018,https://x.com/papansinender/status/1967212640956203456,@iMPACTPH2019 Mga bobo talaga mga DDS,1.96711729607131E+018,1757855017000,1.96711729607131E+018,,,,,,,,,,,,,woke ender,46096,125,183,,papansinender,0,0,1,1,199,,,,,,,,,,,,,,,
https://x.com/iMPACTPH2019/status/1967117296071307450,1.96711729607131E+018,1.9671551168109E+018,https://x.com/messiahfist/status/1967155116810903586,@iMPACTPH2019 wala na talagang pag asa ito https://t.co/usMeILltqt,1.96711729607131E+018,1757841302000,1.96711729607131E+018,1.96715510981062E+018,https://pbs.twimg.com/media/G0y9JmJbQAE6mJk.jpg,photo,,,,,,,,,,,912,6,28,messiahfist,messiahfist,0,0,0,1,285,,,,,,,,,,,,,,,
https://x.com/iMPACTPH2019/status/1967117296071307450,1.96711729607131E+018,1.9671641031869E+018,https://x.com/khidew/status/1967164103186895242,@iMPACTPH2019 Bobo di naman batas kundi yung pag reallocate!  Ok lang sayo kumakain ka ng libreng almusal habang bumabaha,1.96711729607131E+018,1757843444000,1.96711729607131E+018,,,,,,,,,,,,,i really love music,9563,132,669,Anak ni Juan,khidew,0,0,0,1,187,,,,,,,,,,,,,,,
https://x.com/inquirerdotnet/status/1968182121962303722,1.9681821219623E+018,1.96830391211887E+018,https://x.com/come_alive_1/status/1968303912118870435,@inquirerdotnet Go USTe,1.9681821219623E+018,1758115196000,1.9681821219623E+018,,,,"Two things you should remember, how people treat you and how they made you feel",50291,301,344,Heartless Evangelista ,come_alive_1,0,0,0,0,335,,,,,,,,,,,,,,,,,,,,,,,,
https://x.com/inquirerdotnet/status/1968182121962303722,1.9681821219623E+018,1.96820499484443E+018,https://x.com/RFA173/status/1968204994844430682,@inquirerdotnet Go USTe,1.9681821219623E+018,1758091612000,1.9681821219623E+018,,,,beautiful minds inspire others,7828,270,125,RFA17,RFA173,0,0,0,0,1056,,,,,,,,,,,,,,,,,,,,,,,,
https://x.com/inquirerdotnet/status/1968182121962303722,1.9681821219623E+018,1.96826706752381E+018,https://x.com/Julio583385/status/1968267067523809585,@inquirerdotnet Hindi rin UST!!!..eh bat si Joel Villanueva na inyong alumnus napakacorrupt??..,1.9681821219623E+018,1758106412000,1.9681821219623E+018,,,,,11534,37,63,Julio deLeon,Julio583385,0,0,0,0,846,,,,,,,,,,,,,,,,,,,,,,,,
https://x.com/inquirerdotnet/status/1968182121962303722,1.9681821219623E+018,1.96830740589023E+018,https://x.com/goldenorangecat/status/1968307405890232590,@inquirerdotnet Funny https://t.co/d1XnanKzNh,1.9681821219623E+018,1758116029000,1.9681821219623E+018,1.96830740218215E+018,https://pbs.twimg.com/media/G1DVJ1vW0AEX4ja.jpg,photo,,18,0,4,onelasttimewithayano,goldenorangecat,0,1,0,1,283,,,,,,,,,,,,,,,,,,,,,,,,
https://x.com/inquirerdotnet/status/1968182121962303722,1.9681821219623E+018,1.96827092288195E+018,https://x.com/MongKee/status/1968270922881945987,@inquirerdotnet Shut up! You rejected proposal for a catch basin to be built in your open field!,1.9681821219623E+018,1758107331000,1.9681821219623E+018,,,,,284,7,80,KiroSangreal,MongKee,1,0,0,5,668,,,,,,,,,,,,,,,,,,,,,,,,
https://x.com/inquirerdotnet/status/1968182121962303722,1.9681821219623E+018,1.9682783006542E+018,https://x.com/Jaybedia2021/status/1968278300654198923,"@inquirerdotnet Simulan sa pagtatakwil sa sariling USTE alumnus na si Joel Villanueva.
Wag na panuorin ng UAAP yan baka ma boo lng.",1.9681821219623E+018,1758109090000,1.9681821219623E+018,,,,,2184,41,1526,Jaybedia,Jaybedia2021,0,0,0,1,536,,,,,,,,,,,,,,,,,,,,,,,,
https://x.com/inquirerdotnet/status/1968182121962303722,1.9681821219623E+018,1.96829637474063E+018,https://x.com/archdegz/status/1968296374740631833,"@inquirerdotnet UST tanggalin nyo na as Alumuns yang mga Engineer na yan na corrupt! Pag nagawa nyo yan dapat ibang school mag follow.  Unless may pakinabang kayo
Sa nga yan.",1.9681821219623E+018,1758113399000,1.9681821219623E+018,,,,"Sub to TikyGamerMasterYT, AND like each vid, notifications.. And see ya in a vid! (Btw help us get Roblox back.)",247,30,224,WiseGamer(TIKYGAMINGYT/JOHN),archdegz,0,0,0,0,231,,,,,,,,,,,,,,,,,,,,,,,,
https://x.com/inquirerdotnet/status/1968265098201378985,1.96826509820138E+018,1.96832721780673E+018,https://x.com/jvcious/status/1968327217806729255,"Sa totoo lang ""graft & corruption"" ang pinaka dahilan ng krimen sa buong bansa. 
Dahil sa kinukupit ng mga pulitiko ang pondo ng bayan, halos wala ng natitira para sa matinong serbisyo o programa para sa edukasyon o kalusugan. 
Wala ng maayos na karunungan ang mga susunod na henerasyon para mamuhay ng maayos, matino at progresibo. Karamihan sa kanila sa krimen at karahasan na napupunta dahil sa hirap sa buhay.
Dahil ninanakaw ang buwis ng bayan halos wala ng natitira para sa maayos na imprastuktura tulad ng kalye o tulay o riles para sa tren para mas madaling makabyahe ang kalakal at lumago ang ekonomiya ng mga karatig lugar, at ng sa gayon ay dumami rin ang oportunidad para sa disenteng trabaho.
Sana lang gumising na ang bayan at tumigil na sa pag halal ng mga kurakot sa gobyerno.",1.96826509820138E+018,1758120753000,1.96826509820138E+018,,,,"PHRN, USRN | Clinical Appeals & Claims Manager | Crypto Trader | Opinions on politics, sports, comedy & life | #AntiPoliticalDynasty",200146,669,1010,JV,jvcious,0,0,0,0,116,,,,,,,,,,,,,,,,,,,,,,,,
https://x.com/inquirerdotnet/status/1968265098201378985,1.96826509820138E+018,1.96832154102184E+018,https://x.com/_sitsiritsit_/status/1968321541021839803,@inquirerdotnet Hala konti lang matitira sa gobyerno. Pero okay yan  for a reset.,1.96826509820138E+018,1758119399000,1.96826509820138E+018,,,,,32144,160,311,sitsiritsit,_sitsiritsit_,0,0,0,0,130,,,,,,,,,,,,,,,,,,,,,,,,
https://x.com/inquirerdotnet/status/1968265098201378985,1.96826509820138E+018,1.96831933857604E+018,https://x.com/pragmatic_wel/status/1968319338576044198,@inquirerdotnet Louder pls... At Yong kanilang ari-arian ay magiging pag-aari ng state!,1.96826509820138E+018,1758118874000,1.96826509820138E+018,,,,Consistency of accountability is vital for leadership.,96516,399,111,Wel Pragmatic,pragmatic_wel,0,0,0,0,144,,,,,,,,,,,,,,,,,,,,,,,,
https://x.com/inquirerdotnet/status/1968265098201378985,1.96826509820138E+018,1.96827682966152E+018,https://x.com/Ryan_toinks/status/1968276829661520245,@inquirerdotnet Agreee!!,1.96826509820138E+018,1758108739000,1.96826509820138E+018,,,,Filipino,23324,52,82,Ryan,Ryan_toinks,0,0,0,0,189,,,,,,,,,,,,,,,,,,,,,,,,
https://x.com/inquirerdotnet/status/1968265098201378985,1.96826509820138E+018,1.96832336836686E+018,https://x.com/TunaMonster/status/1968323368366862574,@inquirerdotnet yup! agree,1.96826509820138E+018,1758119835000,1.96826509820138E+018,,,,,8173,9,142,TunaMonster,TunaMonster,0,0,0,0,117,,,,,,,,,,,,,,,,,,,,,,,,
https://x.com/inquirerdotnet/status/1968265098201378985,1.96826509820138E+018,1.9683348293277E+018,https://x.com/cattomoments/status/1968334829327696305,@inquirerdotnet Queen things,1.96826509820138E+018,1758122567000,1.96826509820138E+018,,,,"For Sophia, Katseye, beloved cats, and tennis.",11325,105,127,Catto,cattomoments,0,0,0,0,17,,,,,,,,,,,,,,,,,,,,,,,,
https://x.com/inquirerdotnet/status/1968265098201378985,1.96826509820138E+018,1.96833508396808E+018,https://x.com/dontgiveupfayt/status/1968335083968078249,"@inquirerdotnet  ,    . ! https://t.co/SjqzmMTc0X",1.96826509820138E+018,1758122628000,1.96826509820138E+018,1.96833507247546E+018,https://pbs.twimg.com/tweet_video_thumb/G1DuUdnXsAAtmyx.jpg,animated_gif,   ℙ(     ),11126,331,133,`   ,dontgiveupfayt,0,0,0,0,14,,,,,,,,,,,,,,,,,,,,,,,,
https://x.com/inquirerdotnet/status/1968265098201378985,1.96826509820138E+018,1.96830495267116E+018,https://x.com/iam763/status/1968304952671158538,"@inquirerdotnet Seriously, i wish that as well! Isama na buong pamilya ng kurakot! Mamatay na lahat ng pamilya marcos, duterte, escudero, estrada, co, romualdez, cayetanos, villar, etc",1.96826509820138E+018,1758115444000,1.96826509820138E+018,,,,la vie en rose ,10696,28,40,Fab6791,iam763,0,0,0,0,150,,,,,,,,,,,,,,,,,,,,,,,,
https://x.com/inquirerdotnet/status/1968265098201378985,1.96826509820138E+018,1.96831130429443E+018,https://x.com/kasmot_07/status/1968311304294432994,"@inquirerdotnet Wag muna yung nasa The Hague para mag dusa muna, please. 
✌️",1.96826509820138E+018,1758116959000,1.96826509820138E+018,,,,,9734,37,195,kasmot,kasmot_07,0,0,0,1,118,,,,,,,,,,,,,,,,,,,,,,,,
https://x.com/inquirerdotnet/status/1965614872080572569,1.96561487208057E+018,1.9656429254818E+018,https://x.com/Diskuterto/status/1965642925481795752,@inquirerdotnet This is a big slap in the faces of the politicians who put our country to shame in the international community.,1.96561487208057E+018,1757480767000,1.96561487208057E+018,,,,Oppose the globalist death cult agenda and woke ideology. Health is wealth. Jesus Christ believer. I love my country. Resist China now.,9652,114,38,Diskuter,Diskuterto,4,2,70,2907,62078,,,,,,,,,,,,,,,,,,,,,,,,
https://x.com/inquirerdotnet/status/1965614872080572569,1.96561487208057E+018,1.96563101195562E+018,https://x.com/stfubisente/status/1965631011955622193,@inquirerdotnet Nakakahiya kayo!!,1.96561487208057E+018,1757477927000,1.96561487208057E+018,,,,xxx,25613,23059,1969,Bisente,stfubisente,2,0,10,1168,68337,,,,,,,,,,,,,,,,,,,,,,,,
https://x.com/inquirerdotnet/status/1965614872080572569,1.96561487208057E+018,1.96567228545049E+018,https://x.com/Earl_through/status/1965672285450486021,@inquirerdotnet pretty sure even local Filipinos is grateful for this.,1.96561487208057E+018,1757487767000,1.96561487208057E+018,,,,"Your Financial advisor, daily life health or financial goals! I got you.
Check offers here!
https://t.co/KK2tp2f4qQ",1185,40,83,Earl Through with Pru,Earl_through,5,1,6,835,31398,,,,,,,,,,,,,,,,,,,,,,,,
https://x.com/inquirerdotnet/status/1965614872080572569,1.96561487208057E+018,1.96564473697659E+018,https://x.com/amralphlaurence/status/1965644736976592983,@inquirerdotnet If this true then its a good decision by S. korean gov’t.,1.96561487208057E+018,1757481199000,1.96561487208057E+018,,,,"registered nurse, foodie, God-fearing, square personality and fur parent.",178,65,166,Ralph Laurence,amralphlaurence,0,0,3,672,40831,,,,,,,,,,,,,,,,,,,,,,,,
https://x.com/inquirerdotnet/status/1965614872080572569,1.96561487208057E+018,1.96565726823988E+018,https://x.com/2KangKomen/status/1965657268239884362,"The suspension of this loan could be a significant blow to the Philippine government's credibility. Besides losing vital funds for infrastructure projects, the country's reputation with international investors and partners will be tarnished. This incident may hinder other foreign investments in the future.
​This should serve as a harsh wake-up call for the Philippines to take concrete steps in combating corruption.",1.96561487208057E+018,1757484187000,1.96561487208057E+018,,,,"Berkomentar dengan Bijak dan lucu
Jangan terlalu dianggap serius",4369,1778,263,Tukang Komen,2KangKomen,0,3,31,552,47000,,,,,,,,,,,,,,,,,,,,,,,,
https://x.com/inquirerdotnet/status/1965614872080572569,1.96561487208057E+018,1.96564062028402E+018,https://x.com/jayjaynft4/status/1965640620284019200,@inquirerdotnet Kawawa ang economy ng pilipinas,1.96561487208057E+018,1757480218000,1.96561487208057E+018,,,,DC: jayjay.nft CM @DeadKingSociety @MBMweb3 @HuntersofWeb3 @RaidersLab @MintedNFTs @1000XHunters @SniperDao @dfam_alpha,4630,25495,670,Jayjay,jayjaynft4,1,0,3,215,34734,,,,,,,,,,,,,,,,,,,,,,,,
https://x.com/inquirerdotnet/status/1965614872080572569,1.96561487208057E+018,1.96570100349759E+018,https://x.com/DrTonyLeachon/status/1965701003497586729,"@inquirerdotnet @indayevarona 
Here’s the link. Got the news from post of @TristanNodalo 
It was a post but in Korean and with English translation on Facebook.",1.96561487208057E+018,1757494614000,1.96561487208057E+018,,,,"TOFIL Awardee in Medicine 2010. Past President, Philippine College of Physicians. Health Reform Advocate.Ex Special Adviser National TaskForce COVID 19 ",154992,87007,4569,Tony Leachon MD,DrTonyLeachon,0,0,1,12,11259,,,,,,,,,,,,,,,,,,,,,,,,
https://x.com/inquirerdotnet/status/1965614872080572569,1.96561487208057E+018,1.96571592036369E+018,https://x.com/Phl2n/status/1965715920363688265,@inquirerdotnet Filipinos are trustworthy people why halt it?,1.96561487208057E+018,1757498171000,1.96561487208057E+018,,,,"Gaming degenerate. 
Building brands and sometimes making chaos.",23076,2365,1450,Philton,Phl2n,15,2,0,1,19327,,,,,,,,,,,,,,,,,,,,,,,,
https://x.com/inquirerdotnet/status/1965614872080572569,1.96561487208057E+018,1.9656490030703E+018,https://x.com/rhuzel24/status/1965649003070304300,@inquirerdotnet Nice move Korea. ,1.96561487208057E+018,1757482216000,1.96561487208057E+018,,,,my life my copyright | ex-先生 | Manufacturing Engineer | Field Technician,14211,236,442,ラッセル,rhuzel24,0,0,1,143,23601,,,,,,,,,,,,,,,,,,,,,,,,
https://x.com/inquirerdotnet/status/1965614872080572569,1.96561487208057E+018,1.96564192993438E+018,https://x.com/__ekleona/status/1965641929934377348,@inquirerdotnet Nakakahiya.,1.96561487208057E+018,1757480530000,1.96561487208057E+018,,,,Escapin’ real life with ♡ Chungmuro & Woneday ♡ #SonYejin #KimJiwon ❤︎,158094,9183,293,Quintessential L ,__ekleona,1,0,1,107,37349,,,,,,,,,,,,,,,,,,,,,,,,
https://x.com/inquirerdotnet/status/1965614872080572569,1.96561487208057E+018,1.96566190481654E+018,https://x.com/marv1nstarr/status/1965661904816537674,@inquirerdotnet Madameng investor ang lalayo satin dahil sa mga nangyayari ngayon,1.96561487208057E+018,1757485292000,1.96561487208057E+018,,,,Web3 Space Wanderer | Community Mod @emerge_grp | Partnership and Key Accounts @Kusho_World | DM for partnership,27999,1213,850,Marvin,marv1nstarr,0,0,0,88,14821,,,,,,,,,,,,,,,,,,,,,,,,
https://x.com/inquirerdotnet/status/1965614872080572569,1.96561487208057E+018,1.96566283372485E+018,https://x.com/kurofleur/status/1965662833724854761,@inquirerdotnet grabe. the embarrassment.,1.96561487208057E+018,1757485514000,1.96561487208057E+018,,,,☘️ formula 1 & my 1000+ girls ☆彡 | will not reply to dms without context  no context = blocked dms,80132,6034,320,HURRI .ᐟ ☘️,kurofleur,0,0,0,62,14405,,,,,,,,,,,,,,,,,,,,,,,,
https://x.com/inquirerdotnet/status/1965614872080572569,1.96561487208057E+018,1.96570532259899E+018,https://x.com/HeyEyds/status/1965705322598985822,"This is just fair move!
Kung hindi hihigpitan ng presidente ang pagpapalakad eh mamimihasa lang tong mga nasa ibaba nya. I hope hindi na magdomino effect to kasi in the end yung mga ordinaryong tao parin ang kawawa!
I hope maibalik natin ang confidence ng mga kapitbahay nating bansa saating bansa ASAP.",1.96561487208057E+018,1757495644000,1.96561487208057E+018,,,,welcome! you found this account in search for my existence on earth via the internet. This is where I post myself and whats happening about me: past/present.,2290,608,589,TwittterGuyNamedX,HeyEyds,0,0,0,41,7962,,,,,,,,,,,,,,,,,,,,,,,,
https://x.com/inquirerdotnet/status/1965614872080572569,1.96561487208057E+018,1.96588792488256E+018,https://x.com/Albertodatuin21/status/1965887924882559356,"@inquirerdotnet Maraming Salamat SK President Lee for halting the P28.7B loan to Pinas as
“Potential for Corruption”.
More money for government officials to share but more DEBTS for the Future Generations to pay.
An Observation. Cheers!",1.96561487208057E+018,1757539180000,1.96561487208057E+018,,,,As the Founding President of the currently 32 years old Sydney Jokers Golf Club & 1st owner of the Perfect Golfers Home Address in Sydney makes me very special.,3243,897,23,Alberto Dionisio,Albertodatuin21,1,0,3,29,2412,,,,,,,,,,,,,,,,,,,,,,,,
https://x.com/inquirerdotnet/status/1965614872080572569,1.96561487208057E+018,1.9657691882383E+018,https://x.com/saiyeonn/status/1965769188238303375,@inquirerdotnet The Department of Finance denies having a P28.7 billion loan. Hmmm… I think someone tries to loan from SK without the knowledge of the DOF.,1.96561487208057E+018,1757510871000,1.96561487208057E+018,,,,#Akaza❄️ 하나 둘 셋 뛰어!,36089,1187,774,sai 뛰어,saiyeonn,1,0,0,28,10018,,,,,,,,,,,,,,,,,,,,,,,,
https://x.com/inquirerdotnet/status/1965614872080572569,1.96561487208057E+018,1.96561566956484E+018,https://x.com/Kiraribami22/status/1965615669564842240,@inquirerdotnet ay tama po iyan. susunugin po muna namin mga buwaya dito,1.96561487208057E+018,1757474269000,1.96561487208057E+018,,,,,15026,2238,1393,Kirari,Kiraribami22,0,0,0,7,685,,,,,,,,,,,,,,,,,,,,,,,,
https://x.com/inquirerdotnet/status/1965614872080572569,1.96561487208057E+018,1.96583600677678E+018,https://x.com/premaigamer/status/1965836006776779191,@inquirerdotnet better to do same doing like JICA have own equipment's and manpower to avoid corrupt political engineers from DPWH ..,1.96561487208057E+018,1757526802000,1.96561487208057E+018,,,,"Sharing Ideas & Alpha about gaming, airdrops, NFT's & Defi
➪ Moderator @aphweb3   ▏@ConnectDAO_
➪ GG Elite @GamingGridx",6612,419,593,PREMAI GAMER,premaigamer,0,0,0,1,1545,,,,,,,,,,,,,,,,,,,,,,,,
https://x.com/inquirerdotnet/status/1965614872080572569,1.96561487208057E+018,1.96604302394042E+018,https://x.com/Aishie_Talks/status/1966043023940415846,"@inquirerdotnet this is a sad news, hopefully soon when the PH is ready",1.96561487208057E+018,1757576158000,1.96561487208057E+018,,,,"19, building @talusnetwork ai agents on SUI 
• lead of @talusph  | @shefiorg | @suisterhood
dm is open",9979,4498,401,AISHIE,Aishie_Talks,0,0,0,1,347,,,,,,,,,,,,,,,,,,,,,,,,
https://x.com/inquirerdotnet/status/1965614872080572569,1.96561487208057E+018,1.96578485737799E+018,https://x.com/sachiihappy/status/1965784857377992806,@inquirerdotnet good,1.96561487208057E+018,1757514607000,1.96561487208057E+018,,,,"#1 @RainhoeVT SIMP |#YuuArtchii |
⭐Throne → https://t.co/CMKcyNvESY |
|✨https://t.co/HqaQdcXaRT | : sachiihappy@gmail.com",68453,21299,2720,Sachii,sachiihappy,0,0,0,0,1989,,,,,,,,,,,,,,,,,,,,,,,,
https://x.com/inquirerdotnet/status/1967426969449947395,1.96742696944995E+018,1.96746798161483E+018,https://x.com/Kiraribami22/status/1967467981614825481,@inquirerdotnet BBM REDEMPTION ARC is not on my 2025 bingo card,1.96742696944995E+018,1757915895000,1.96742696944995E+018,,,,,15026,2238,1393,Kirari,Kiraribami22,13,9,1,99,14865,,,,,,,,,,,,,,,,,,,,,,,,
https://x.com/inquirerdotnet/status/1967426969449947395,1.96742696944995E+018,1.96757848766728E+018,https://x.com/anathemacrapola/status/1967578487667282101,"@inquirerdotnet Deserve ng budolerong madrama na ito middle pinger 
",1.96742696944995E+018,1757942241000,1.96742696944995E+018,,,,Hindi kumakausap ng walang kwentang kausap,300094,4612,815,Anathema Crapolla,anathemacrapola,0,0,0,5,5213,,,,,,,,,,,,,,,,,,,,,,,,
https://x.com/inquirerdotnet/status/1967426969449947395,1.96742696944995E+018,1.96769408797442E+018,https://x.com/SuperGirlDChamp/status/1967694087974424708,@inquirerdotnet Better you said that than being silent to the issue.,1.96742696944995E+018,1757969803000,1.96742696944995E+018,,,,INVESTOR / / MCAE /AGEN   & adore my Papi. My life doesn’t make sense w/o Papi.   . ★★★☆✩✮✶✭✬✫✯✧☆,139266,27625,27617,SuperGirlBunny_TheChamp,SuperGirlDChamp,0,0,0,3,2407,,,,,,,,,,,,,,,,,,,,,,,,
https://x.com/inquirerdotnet/status/1967426969449947395,1.96742696944995E+018,1.96774705137202E+018,https://x.com/MerkadoBarkada/status/1967747051372024178,@inquirerdotnet As if he’s just some dude who isn’t in control of the corruption,1.96742696944995E+018,1757982430000,1.96742696944995E+018,,,,Market analysis | Memes | Published in @philstarbiznews | Subscribe to the newsletter: https://t.co/A4hWg0LdGo,10491,13329,354,Merkado Barkada,MerkadoBarkada,0,0,0,44,2142,,,,,,,,,,,,,,,,,,,,,,,,
https://x.com/inquirerdotnet/status/1967426969449947395,1.96742696944995E+018,1.96761309541059E+018,https://x.com/ninabeIlatrix1/status/1967613095410585897,@inquirerdotnet Nakahithit na naman?,1.96742696944995E+018,1757950493000,1.96742696944995E+018,,,,"The only verdict is vengeance; a vendetta, held as a votive not in vain for the value and veracity of such shall one day vindicate the vigilant and the virtuous",232044,5152,1614,ninabeIlatrix ,ninabeIlatrix1,0,0,0,2,2935,,,,,,,,,,,,,,,,,,,,,,,,
https://x.com/inquirerdotnet/status/1967426969449947395,1.96742696944995E+018,1.96773767691395E+018,https://x.com/butterCHAp23/status/1967737676913946948,"@inquirerdotnet Be the PRESIDENT! 
Mas madami kang kayang gawin to stop corruption. 
Kaya nag rarally kasi walang kayang gawin kundi magpahayag.",1.96742696944995E+018,1757980195000,1.96742696944995E+018,,,,home,31231,1315,175,Charity,butterCHAp23,0,0,0,1,1306,,,,,,,,,,,,,,,,,,,,,,,,
https://x.com/inquirerdotnet/status/1967426969449947395,1.96742696944995E+018,1.96747411562085E+018,https://x.com/luvbysoap_/status/1967474115620847725,@inquirerdotnet tanginamo kaya nag ra-rally dahil sa pamumuno mo,1.96742696944995E+018,1757917357000,1.96742696944995E+018,,,,"— everything, in time. ⏳️",33435,77,203,like PIA ♡,luvbysoap_,2,0,1,7,6276,,,,,,,,,,,,,,,,,,,,,,,,
https://x.com/inquirerdotnet/status/1967426969449947395,1.96742696944995E+018,1.96746299294313E+018,https://x.com/mengoy2020/status/1967462992943124949,@inquirerdotnet Cge confidential funds mo naman next hearing g?,1.96742696944995E+018,1757914705000,1.96742696944995E+018,,,,,89493,334,3224,menggoy,mengoy2020,1,0,0,5,2535,,,,,,,,,,,,,,,,,,,,,,,,
https://x.com/inquirerdotnet/status/1967426969449947395,1.96742696944995E+018,1.96745243968007E+018,https://x.com/haidersangki/status/1967452439680073893,"@inquirerdotnet As President, you have all the powers at your disposal to address the issue.. If, and only if, you will walk the talk.",1.96742696944995E+018,1757912189000,1.96742696944995E+018,,,,Think. Believe. Become.,2496,36,114,Haider Sangki,haidersangki,1,0,4,216,10539,,,,,,,,,,,,,,,,,,,,,,,,
https://x.com/inquirerdotnet/status/1967426969449947395,1.96742696944995E+018,1.96744263745741E+018,https://x.com/Jroldzz/status/1967442637457408082,"@inquirerdotnet PEKPEK MO, ON THE STREETS, BONGBONG.",1.96742696944995E+018,1757909852000,1.96742696944995E+018,,,,"malapit na maging major 
https://x.com/inquirerdotnet/status/1967426969449947395,1967426969449947395,1967731670913864046,https://x.com/DanielBLim11087/status/1967731670913864046,""@inquirerdotnet Might as we’ll do the same ",1.96742696944995E+018,1757978763000,1.96742696944995E+018,,,,,0,0,1,Daniel B Lim,DanielBLim11087,0,0,0,0,123,,,,,,,,,,,,,,,,,
https://x.com/inquirerdotnet/status/1967426969449947395,1.96742696944995E+018,1.96750457761767E+018,https://x.com/berryminhui/status/1967504577617666422,@inquirerdotnet Previous administration set the bar so low I said “well at least they didn’t accuse them as NPAs and actually acknowledged that it’s needed” ,1.96742696944995E+018,1757924620000,1.96742696944995E+018,,,,Brain dump,7767,199,202,jingjing ✨,berryminhui,0,1,0,37,4599,,,,,,,,,,,,,,,,,,,,,,,,
https://x.com/inquirerdotnet/status/1967426969449947395,1.96742696944995E+018,1.96776744425843E+018,https://x.com/Koya_Radio/status/1967767444258427354,@inquirerdotnet ULOL,1.96742696944995E+018,1757987292000,1.96742696944995E+018,,,,,17,4,7,Biboy Ramirez,Koya_Radio,0,0,0,0,81,,,,,,,,,,,,,,,,,,,,,,,,
https://x.com/inquirerdotnet/status/1967426969449947395,1.96742696944995E+018,1.96749284994943E+018,https://x.com/1venoidea/status/1967492849949425814,@inquirerdotnet baka natakot sa ganap sa ibang bansa hahaha baka magkaroon pa ng people power 3 at during his reign pa. trauma haha,1.96742696944995E+018,1757921824000,1.96742696944995E+018,,,,,731,4,13,loca,1venoidea,0,0,0,0,1844,,,,,,,,,,,,,,,,,,,,,,,,
https://x.com/inquirerdotnet/status/1967426969449947395,1.96742696944995E+018,1.96772437669617E+018,https://x.com/VanzylO71111/status/1967724376696172983,@inquirerdotnet pa victim din sya e hahaha,1.96742696944995E+018,1757977024000,1.96742696944995E+018,,,,,434,5,212,Vanzyl Ong,VanzylO71111,0,0,0,0,94,,,,,,,,,,,,,,,,,,,,,,,,
https://x.com/inquirerdotnet/status/1967426969449947395,1.96742696944995E+018,1.96754723227162E+018,https://x.com/oddeyehae/status/1967547232271618417,@inquirerdotnet boang ka,1.96742696944995E+018,1757934790000,1.96742696944995E+018,,,,pinagmumura ko kayong lahat dito ,20409,0,0,acovado,oddeyehae,0,0,0,0,537,,,,,,,,,,,,,,,,,,,,,,,,
https://x.com/inquirerdotnet/status/1967426969449947395,1.96742696944995E+018,1.96750589061935E+018,https://x.com/saidatzuclips/status/1967505890619351337,"@inquirerdotnet Make sure lang na may mananagot. Kung wala, isa lang itong PR stunt",1.96742696944995E+018,1757924933000,1.96742696944995E+018,,,,stan acc / personal acc   #ClipperNation,10306,96,118,,saidatzuclips,0,0,0,0,1371,,,,,,,,,,,,,,,,,,,,,,,,
https://x.com/inquirerdotnet/status/1967426969449947395,1.96742696944995E+018,1.96776835477472E+018,https://x.com/muorfd/status/1967768354774716741,"@inquirerdotnet No, you’ll def not be on the streets w them",1.96742696944995E+018,1757987509000,1.96742696944995E+018,,,,,417,41,41,ؘ,muorfd,0,0,0,0,77,,,,,,,,,,,,,,,,,,,,,,,,
https://x.com/inquirerdotnet/status/1967426969449947395,1.96742696944995E+018,1.96751246549289E+018,https://x.com/ameliagable/status/1967512465492885743,@inquirerdotnet https://t.co/dByIU9t6Ry,1.96742696944995E+018,1757926501000,1.96742696944995E+018,1.96751241489694E+018,https://pbs.twimg.com/amplify_video_thumb/1967512414896939008/img/6RwGdrMJvT5RlKNv.jpg,video,"Other half of the Gabble Sisters. 
Uncle Waldo's favorite neice.",24057,761,552,Amelia Gabble,ameliagable,0,0,0,6,2746,,,,,,,,,,,,,,,,,,,,,,,,
https://x.com/inquirerdotnet/status/1966770164659351707,1.96677016465935E+018,1.96681253264912E+018,https://x.com/Kiraribami22/status/1966812532649123984,"@inquirerdotnet Salamat sa mga content creator na ginagamit ng tama ang kanilang mga platform. Mabuhay ka, Donna!",1.96677016465935E+018,1757759624000,1.96677016465935E+018,,,,,15026,2238,1393,Kirari,Kiraribami22,0,0,8,579,60813,,,,,,,,,,,,,,,,,,,,,,,,
https://x.com/inquirerdotnet/status/1966770164659351707,1.96677016465935E+018,1.96680074207895E+018,https://x.com/socialplugio/status/1966800742078951516,@inquirerdotnet Thank you for raising awareness,1.96677016465935E+018,1757756812000,1.96677016465935E+018,,,,"The #1 Social Media Shop in the World  We Offer Services for Twitter, Instagram, Reddit, Linkedin and many more... Build Social Proof for your Business Today",23,25735,341,Socialplug,socialplugio,0,0,0,190,65561,,,,,,,,,,,,,,,,,,,,,,,,
https://x.com/inquirerdotnet/status/1966770164659351707,1.96677016465935E+018,1.9668233128496E+018,https://x.com/loracqueen/status/1966823312849596698,"@inquirerdotnet Thank you, Donna!",1.96677016465935E+018,1757762194000,1.96677016465935E+018,,,,"AUSOME MOM  Current obsessions: KimPau, MikBrent, Bela Padilla and a whole lot of concert watching!",21082,4100,329, ❥⃟࿐,loracqueen,0,0,0,69,52073,,,,,,,,,,,,,,,,,,,,,,,,
https://x.com/inquirerdotnet/status/1966770164659351707,1.96677016465935E+018,1.96739562366327E+018,https://x.com/marilag_blue/status/1967395623663272001,@inquirerdotnet ,1.96677016465935E+018,1757898643000,1.96677016465935E+018,,,,@WitchesOfDusBia ‍♀️,21583,3078,499,Rilag ,marilag_blue,0,0,0,0,4590,,,,,,,,,,,,,,,,,,,,,,,,
https://x.com/inquirerdotnet/status/1966770164659351707,1.96677016465935E+018,1.96723218298197E+018,https://x.com/_superaiah/status/1967232182981968057,"@inquirerdotnet for clout syempre, walang maniniwala sa dds ",1.96677016465935E+018,1757859676000,1.96677016465935E+018,,,,WALO HANGGANG DULO ,2437,90,210,_superaiah,_superaiah,1,0,0,0,8105,,,,,,,,,,,,,,,,,,,,,,,,
https://x.com/inquirerdotnet/status/1966770164659351707,1.96677016465935E+018,1.96685048711189E+018,https://x.com/Lalaine_xxx/status/1966850487111885089,@inquirerdotnet ,1.96677016465935E+018,1757768673000,1.96677016465935E+018,,,,,4737,109,49,lalainee,Lalaine_xxx,0,0,0,0,1695,,,,,,,,,,,,,,,,,,,,,,,,
https://x.com/inquirerdotnet/status/1966770164659351707,1.96677016465935E+018,1.96702832007757E+018,https://x.com/xxmikejohn/status/1967028320077574529,@inquirerdotnet ,1.96677016465935E+018,1757811071000,1.96677016465935E+018,,,,,15884,82,83,✬,xxmikejohn,0,0,0,0,542,,,,,,,,,,,,,,,,,,,,,,,,
https://x.com/inquirerdotnet/status/1966770164659351707,1.96677016465935E+018,1.96680495991302E+018,https://x.com/zennyelsie/status/1966804959913017703,"@inquirerdotnet Two weeks ago, I just have 150 mahogany seedlings and bamboos planted in my small farm in northern Cebu.  Since 2016 , I rehabilitate the property which was abused by kaingeros and even cut the molave trees that my father planted. The farm is now thriving w/trees &amp;wild birds.",1.96677016465935E+018,1757757818000,1.96677016465935E+018,,,,"Patriotic, loyal to the motherland, Mother, wife, chemical engineer/coating expert Hobby: cooking, baking , dancing, writing poems, technical articles",154748,665,393,Zen F Czora,zennyelsie,7,1,3,229,50001,,,,,,,,,,,,,,,,,,,,,,,,
https://x.com/inquirerdotnet/status/1966770164659351707,1.96677016465935E+018,1.9667986194007E+018,https://x.com/nameisgiaann/status/1966798619400695907,@inquirerdotnet REDEEMED,1.96677016465935E+018,1757756306000,1.96677016465935E+018,,,,oa,27402,57,245,jiyaannnn,nameisgiaann,1,0,1,45,43720,,,,,,,,,,,,,,,,,,,,,,,,
https://x.com/inquirerdotnet/status/1966770164659351707,1.96677016465935E+018,1.96700721897453E+018,https://x.com/NodadoSand29604/status/1967007218974531749,"@inquirerdotnet Ganyan, Hindi Yung sumasama ka sa mga DDS na artista. . . Congrats . .",1.96677016465935E+018,1757806040000,1.96677016465935E+018,,,,,38706,68,1781,Sandy Nodado,NodadoSand29604,1,0,0,14,7704,,,,,,,,,,,,,,,,,,,,,,,,
https://x.com/inquirerdotnet/status/1966770164659351707,1.96677016465935E+018,1.96697065973055E+018,https://x.com/tystrks/status/1966970659730547072,@inquirerdotnet Never liked her but this act single handedly made me commend her. Kudos to you. Unlike these artist. Wala lang ‍♂️,1.96677016465935E+018,1757797324000,1.96677016465935E+018,,,,"But what is grief, if not love persevering.

Just out here gaming and possibly finding a nice guy to spend time with.

-Ga(y)mer.",44857,126,1057,Wiccan,tystrks,0,0,0,164,15985,,,,,,,,,,,,,,,,,,,,,,,,
https://x.com/inquirerdotnet/status/1966770164659351707,1.96677016465935E+018,1.96705750813425E+018,https://x.com/MBLReil/status/1967057508134252619,@inquirerdotnet ,1.96677016465935E+018,1757818030000,1.96677016465935E+018,,,,always || نيلي و ديفيد ري|| I am worthy of it all! ‍♀️✨,24035,947,20,R,MBLReil,0,0,0,0,431,,,,,,,,,,,,,,,,,,,,,,,,
https://x.com/inquirerdotnet/status/1966770164659351707,1.96677016465935E+018,1.96682934555479E+018,https://x.com/reyyuuhh/status/1966829345554788764,@inquirerdotnet I'm not a huge fan but thank you for voicing this out! ,1.96677016465935E+018,1757763632000,1.96677016465935E+018,,,,“Bookkeeper from the future”,43961,214,717,,reyyuuhh,0,0,0,26,12026,,,,,,,,,,,,,,,,,,,,,,,,
https://x.com/inquirerdotnet/status/1966770164659351707,1.96677016465935E+018,1.96681656791386E+018,https://x.com/Itsmereeeiii/status/1966816567913857115,Yes .. so proud of you Donna for speaking .. sobrang daming group na ng hihikayat at naghahanap ng volunteers to plant thousand trees.. and im happy and proud i join before from rotary club tree planting in zambales.. sana marami pang taong sumali at magvlounteer tulungan nten mismo ang kalikasan..,1.96677016465935E+018,1757760586000,1.96677016465935E+018,,,,AHOF ✨,33668,339,882,Rei ✨,Itsmereeeiii,0,0,0,17,10530,,,,,,,,,,,,,,,,,,,,,,,,
https://x.com/inquirerdotnet/status/1966770164659351707,1.96677016465935E+018,1.96710206465758E+018,https://x.com/LeonGue28255273/status/1967102064657580512,"@inquirerdotnet Kapag ang bayan hindi tumigil sa kakatanggap ng pera tuwing election, walang magbabago. Kapag ang Comelec, COA, Ombudsman, and other watchdog agencies and institutions cannot protect the public interest, walang pagbabago na long-lasting.",1.96677016465935E+018,1757828653000,1.96677016465935E+018,,,,I help lead people back to their true selves.,31586,186,2,Leon Guerrero,LeonGue28255273,0,0,0,15,6571,,,,,,,,,,,,,,,,,,,,,,,,
https://x.com/inquirerdotnet/status/1966770164659351707,1.96677016465935E+018,1.96688083414702E+018,https://x.com/dShadeofTea/status/1966880834147020937,"@inquirerdotnet OKAY, now this is cute, Donnalyn! Ganyan dapat, ayusin ang ganap lagi. Palakpak ka sakin ngayon. ",1.96677016465935E+018,1757775908000,1.96677016465935E+018,,,,,223589,231,285,tea,dShadeofTea,0,0,0,0,123,,,,,,,,,,,,,,,,,,,,,,,,
https://x.com/inquirerdotnet/status/1966770164659351707,1.96677016465935E+018,1.96686292009428E+018,https://x.com/noviembresinko/status/1966862920094282133,@inquirerdotnet ,1.96677016465935E+018,1757771637000,1.96677016465935E+018,,,,@gabjndro,12713,984,381,call it what you want❤️‍,noviembresinko,0,0,0,0,999,,,,,,,,,,,,,,,,,,,,,,,,
https://x.com/inquirerdotnet/status/1966770164659351707,1.96677016465935E+018,1.9668181520896E+018,https://x.com/alphaomegamarky/status/1966818152089596177,@inquirerdotnet Bless her heart ❤️,1.96677016465935E+018,1757760963000,1.96677016465935E+018,,,,"I'm certain of who I am. I have been talking to myself for years. I am strong. I am an eagle. I am MARKY, forever a transient in abode, heart & mind.",2800,71,784,Mackoi,alphaomegamarky,0,0,0,3,8968,,,,,,,,,,,,,,,,,,,,,,,,
https://x.com/inquirerdotnet/status/1966770164659351707,1.96677016465935E+018,1.96684031764434E+018,https://x.com/jianfics/status/1966840317644337550,"@inquirerdotnet THANK YOU, DONNA!!!",1.96677016465935E+018,1757766248000,1.96677016465935E+018,,,,ph volleyball fan - ateneo #OustVeloso #VelosoResign,13442,1690,121,ً ,jianfics,0,0,0,3,5237https://x.com/PhilstarNews/status/1968181682294624457,1.96818168229462E+018,1.96818168229462E+018,https://x.com/PhilstarNews/status/1968181682294624457,"SEPT. 21 RALLIES: WHAT TO KNOW
Thousands are expected at Luneta and EDSA on September 21, the 53rd anniversary of martial law, for two separate rallies denouncing corruption in flood control projects.
Here are the fast facts you need to know about the protests, organizers and possible traffic disruptions.
Read more: https://t.co/teL6sYGopz",,1758086054000,1.96818168229462E+018,1.96818165662129E+018,https://pbs.twimg.com/media/G1BiyfBaEAAQHD1.jpg,photo,,,,"The official digital arm of the STAR Group of Publications. We provide credible breaking news, in-depth reports, fact-checks, and contextual real-time coverage.",3562,1109270,148,Philstar.com,PhilstarNews,32,90,1971,6175,171008
https://x.com/PhilstarNews/status/1968181682294624457,1.96818168229462E+018,1.96822530567773E+018,https://x.com/suay_girl/status/1968225305677725978,@PhilstarNews bat d na lng sabay sabay kasi,1.96818168229462E+018,1758096455000,1.96818168229462E+018,,,,,,,Good morning world ️,12892,4949,5169,suay_girl,suay_girl,0,0,0,3,3592,,,,,,,,,,,,,,,,,,,,,
https://x.com/PhilstarNews/status/1968181682294624457,1.96818168229462E+018,1.96818299962485E+018,https://x.com/imadshield/status/1968182999624851547,@PhilstarNews Mga plan b ni Jr.,1.96818168229462E+018,1758086368000,1.96818168229462E+018,,,,,,,"Patriot of the Universe, kryptonite Coffee  enthusiast ☕ | My opinions are my own, Jedi advisor, Ex-Jedi became rogue, ex-member Jedi Order",38061,3611,7498,Intergalactic Movement Against Disinformation,imadshield,0,0,0,0,4417,,,,,,,,,,,,,,,,,,,,,
https://x.com/PhilstarNews/status/1968181682294624457,1.96818168229462E+018,1.96826226281012E+018,https://x.com/yougotkimpied/status/1968262262810124444,"@PhilstarNews hindi lang flood control projects ang focus ng luneta rally, philstar. sana naman wag mo idownplay na those activist groups carry the support and interest of the actual masses",1.96818168229462E+018,1758105266000,1.96818168229462E+018,,,,,,,i swear ill tweet only once a month at Most,1909,16,21,kimpie,yougotkimpied,0,0,0,5,1515,,,,,,,,,,,,,,,,,,,,,
https://x.com/PhilstarNews/status/1968181682294624457,1.96818168229462E+018,1.96824617538943E+018,https://x.com/itsmeehluci/status/1968246175389434085,@PhilstarNews Sus both tungkol din sa corruption bat di nalang 1 lugar lahat.,1.96818168229462E+018,1758101431000,1.96818168229462E+018,,,,,,,,5890,18,142,Mum's ,itsmeehluci,0,0,0,0,1381,,,,,,,,,,,,,,,,,,,,,
https://x.com/PhilstarNews/status/1968181682294624457,1.96818168229462E+018,1.96823712109077E+018,https://x.com/RagnaCrow/status/1968237121090769264,@PhilstarNews Hope that the crowd is led by the right people or our nation falls into more division and distraction to more fundamental issue involving national security amid rising tension bet. US and China where Philippines is the prime target being a US military satellite.,1.96818168229462E+018,1758099272000,1.96818168229462E+018,,,,,,,,14,4,34,Ronin,RagnaCrow,0,0,0,1,1481,,,,,,,,,,,,,,,,,,,,,
https://x.com/PhilstarNews/status/1968181682294624457,1.96818168229462E+018,1.96825460978656E+018,https://x.com/douknowwhouar/status/1968254609786556870,@PhilstarNews safe ba pumunta mag isa?,1.96818168229462E+018,1758103442000,1.96818168229462E+018,,,,,,,why are u here?,7246,239,93,sunny day,douknowwhouar,0,0,0,0,833,,,,,,,,,,,,,,,,,,,,,
https://x.com/PhilstarNews/status/1968181682294624457,1.96818168229462E+018,1.9682130202467E+018,https://x.com/happeea/status/1968213020246696261,@PhilstarNews thank u Phil Star,1.96818168229462E+018,1758093526000,1.96818168229462E+018,,,,,,,,43856,823,291,#Gising Pilipinas!!!,happeea,0,0,0,0,2335,,,,,,,,,,,,,,,,,,,,,
https://x.com/PhilstarNews/status/1968181682294624457,1.96818168229462E+018,1.96829129652477E+018,https://x.com/lautgpt/status/1968291296524771358,@PhilstarNews Bawal po ang DDS diyan,1.96818168229462E+018,1758112188000,1.96818168229462E+018,,,,,,,why can't we just be happy and play @WildRift?,2347,157,712,Laut,lautgpt,0,0,0,2,415,,,,,,,,,,,,,,,,,,,,,
https://x.com/PhilstarNews/status/1968181682294624457,1.96818168229462E+018,1.96830259834536E+018,https://x.com/akosimartyz/status/1968302598345359726,"@PhilstarNews See you sa Edsa, mga punyeta sila",1.96818168229462E+018,1758114883000,1.96818168229462E+018,,,,,,,,2188,16,131,MXXRTYZ,akosimartyz,0,0,0,0,263,,,,,,,,,,,,,,,,,,,,,
https://x.com/PhilstarNews/status/1968181682294624457,1.96818168229462E+018,1.96820537068762E+018,https://x.com/TarzanX457083/status/1968205370687623280,@PhilstarNews Cgurado sigaw nito patalsikin si Du30 ..buahhahahah,1.96818168229462E+018,1758091702000,1.96818168229462E+018,,,,,,,,12115,463,1198,@Baragtotzki,TarzanX457083,0,0,0,2,1934,,,,,,,,,,,,,,,,,,,,,
https://x.com/PhilstarNews/status/1968181682294624457,1.96818168229462E+018,1.96820713448482E+018,https://x.com/RusseldeLaraRN/status/1968207134484816372,@PhilstarNews 2 different rallies - how will the Filipino people win when they can’t even unite in just 1 cause? TSK!,1.96818168229462E+018,1758092123000,1.96818168229462E+018,,,,,,,Pop culture vulture. Briton & Pilipino,9382,372,670,RusselExplores ᜍᜐᜒᜎ ᜇᜒ ᜎᜍ,RusseldeLaraRN,0,0,0,8,2215,,,,,,,,,,,,,,,,,,,,,
https://x.com/PhilstarNews/status/1968181682294624457,1.96818168229462E+018,1.96819967918067E+018,https://x.com/mabborabo11/status/1968199679180673059,"@PhilstarNews Yung mga DDS ay sa dolomite beach magsumiksik, sayang naman yung pinagmamalaki ninyong Duterte legacy ",1.96818168229462E+018,1758090345000,1.96818168229462E+018,,,,,,,,10858,20,30,Katas ng Flood Control Projects,mabborabo11,1,0,0,37,3584,,,,,,,,,,,,,,,,,,,,,
https://x.com/PhilstarNews/status/1968181682294624457,1.96818168229462E+018,1.96819933089831E+018,https://x.com/bobbyva62808098/status/1968199330898305265,"@PhilstarNews No DDS please. Dun sila sa Davao nag kalat ng basura, ihi at tae.",1.96818168229462E+018,1758090262000,1.96818168229462E+018,,,,,,,Happines is hitting a 350 yrd draw right to the middle of the fairway at the break of dawn…,1630,81,42,bobbyvaldez,bobbyva62808098,0,0,0,23,2482,,,,,,,,,,,,,,,,,,,,,
https://x.com/PhilstarNews/status/1968181682294624457,1.96818168229462E+018,1.9682992930199E+018,https://x.com/m_bayan2/status/1968299293019902387,@PhilstarNews MILLION PO hinde thousand,1.96818168229462E+018,1758114095000,1.96818168229462E+018,,,,,,,"God so loves me. I love my country. 
❤️✝️",22827,151,574,T3aMBay2✝️❤️,m_bayan2,0,0,0,0,127,,,,,,,,,,,,,,,,,,,,,
https://x.com/PhilstarNews/status/1968181682294624457,1.96818168229462E+018,1.96825877566994E+018,https://x.com/TruthBloggerPH/status/1968258775669940316,"@PhilstarNews ⛵ May we never forget that peaceful protest wins the hearts and minds of the people. Nonviolence is a powerful and just weapon, which cuts without wounding.",1.96818168229462E+018,1758104435000,1.96818168229462E+018,,,,,,, My innocence is my Superpower.  No intention to monitize.  No Porns.  No vulgar speeches  No DM.,11380,1365,1365, Innocence ™,TruthBloggerPH,0,0,0,1,646,,,,,,,,,,,,,,,,,,,,,
https://x.com/PhilstarNews/status/1968181682294624457,1.96818168229462E+018,1.96825921811039E+018,https://x.com/ilyPilipinas/status/1968259218110390510,@PhilstarNews Let us see the Gen Z power. Baka hanggang keyboard warriors lang tong mga Gen Z’s. ✌️,1.96818168229462E+018,1758104540000,1.96818168229462E+018,,,,,,,"A citizen who loves his country, roots for his country and hopes that one day, he will be able to see his country at par with other very progressive countries.",13,12,45,Pilipinas kong Mahal,ilyPilipinas,0,0,0,0,406,,,,,,,,,,,,,,,,,,,,,
https://x.com/PhilstarNews/status/1968181682294624457,1.96818168229462E+018,1.96821177472294E+018,https://x.com/yami__norman/status/1968211774722937178,@PhilstarNews Pwede magdala ng BBM resign na placard?,1.96818168229462E+018,1758093229000,1.96818168229462E+018,,,,,,,Parents told me to be extra polite on social media. :),20445,887,3172,Norman Mascarinas,yami__norman,0,0,0,1,1073,,,,,,,,,,,,,,,,,,,,,
https://x.com/PhilstarNews/status/1968181682294624457,1.96818168229462E+018,1.96833574046466E+018,https://x.com/JulianYoun6811/status/1968335740464660719,@PhilstarNews Nice to meet you again!,1.96818168229462E+018,1758122785000,1.96818168229462E+018,,,,,,,,2,1,4,Julian Young,JulianYoun6811,0,0,0,0,1,,,,,,,,,,,,,,,,,,,,,
https://x.com/PhilstarNews/status/1968181682294624457,1.96818168229462E+018,1.96824071290825E+018,https://x.com/mal111g/status/1968240712908251630,@PhilstarNews Anti-corruption po dapat ang layunin ng mga rally hindi para iluklok sa kapangyarihan ang mga corrupt.,1.96818168229462E+018,1758100128000,1.96818168229462E+018,,,,,,,"For transparency, accountability, good governance, and a progressive economy.",10143,33,19,Gafe,mal111g,0,0,0,0,394,,,,,,,,,,,,,,,,,,,,,
https://x.com/PhilstarNews/status/1968188589143163377,1.96818858914316E+018,1.96832897859651E+018,https://x.com/Pjefferyi74/status/1968328978596511789,"@PhilstarNews And the three main actors (Villanueva, Alcantara and Co) in the corruption are Thomasians, what happened to ethics and morality in UST?",1.96818858914316E+018,1758121172000,1.96818858914316E+018,,,,,,,,21,1,44,Tikalon,Pjefferyi74,0,0,0,0,4,,,,,,,,,,,,,,,,,,,,,
https://x.com/PhilstarNews/status/1967909083366953111,1.96790908336695E+018,1.96813456097954E+018,https://x.com/emie__14/status/1968134560979542145,"Hindi lang pera ang ninakaw nila, pati oras at pagod ng milyon milyong pilipino. Imagine stuck ka sa traffic dahil sa road works tapos stuck ka lalo sa traffic kasi baha. Di ka makakapasok sa trabaho o eskwelahan. Kung may batas lang sana tayo na putulan ng mga kamay ang mga kawatan eh. Di na sila mga tao, mga walang konsensya!",1.96790908336695E+018,1758074820000,1.96790908336695E+018,,,,,,,Multi Stan | ,37603,581,705,ᜁᜋᜒ | THIS IS FOR,emie__14,2,0,17,220,5704,,,,,,,,,,,,,,,,,,,,,
https://x.com/PhilstarNews/status/1967909083366953111,1.96790908336695E+018,1.96830412322656E+018,https://x.com/HeyEyds/status/1968304123226558644,@PhilstarNews Tang ina tlaga mga mam ser. Lantarang binababoy bansa naten. Tapos napakatagal makulong? Tang ina tlaga!!,1.96790908336695E+018,1758115246000,1.96790908336695E+018,,,,,,,welcome! you found this account in search for my existence on earth via the internet. This is where I post myself and whats happening about me: past/present.,2290,608,589,TwittterGuyNamedX,HeyEyds,1,0,0,0,272,,,,,,,,,,,,,,,,,,,,,
https://x.com/PhilstarNews/status/1967909083366953111,1.96790908336695E+018,1.9682042963922E+018,https://x.com/EstelleHarper09/status/1968204296392196101,@PhilstarNews Wow nakakahiya! nakakasuka! nakakatakot sila na mamuna sa bansa! IBALIK ANG MAAAYOS NA PAMAMAHALA. Mga walang puso kayo para sa Pilipino!!!,1.96790908336695E+018,1758091446000,1.96790908336695E+018,,,,,,,Kimmy since PBB  KimPau  AngBeKi  Maki  SB19  Dionela Bloom Az Martinez ☀️ AZBRENT ,63132,2993,1655, ‍♀️,EstelleHarper09,1,0,1,14,2502,,,,,,,,,,,,,,,,,,,,,
https://x.com/PhilstarNews/status/1967909083366953111,1.96790908336695E+018,1.96817167350256E+018,https://x.com/buhakee/status/1968171673502556480,@PhilstarNews Nakakagalit..nakakapikon na. Sana sa 2028 matuto na tayo.,1.96790908336695E+018,1758083668000,1.96790908336695E+018,,,,,,,i may be lonely...but i'm never alone...,45244,26,154,buhakee,buhakee,0,0,0,1,296,,,,,,,,,,,,,,,,,,,,,
https://x.com/PhilstarNews/status/1967909083366953111,1.96790908336695E+018,1.96791227697299E+018,https://x.com/MBenzPHIL/status/1967912276972990697,"@PhilstarNews This is massive, syndicated, world-class Philippine government corruption.
https://x.com/PhilstarNews/status/1967909083366953111,1967909083366953111,1968123740467900635,https://x.com/loveintrocader1/status/1968123740467900635,""@PhilstarNews This is what every hard-earned peso for taxes go?! Politicians wear their expensive suits and barongs, drive their SUVs like they own the streets, sit in polished offices, have kids and wives wear branded clothing. You should all resign!!! Nakakadiri na kayo.",1.96790908336695E+018,1758072240000,1.96790908336695E+018,,,,,,,,9334,107,722,loveintrocadero,loveintrocader1,2,0,1,24,2836,,,,,,,,,,,,,,,,,,,,,
https://x.com/PhilstarNews/status/1967909083366953111,1.96790908336695E+018,1.96826953692443E+018,https://x.com/GerardoR1684/status/1968269536924430363,@PhilstarNews Ayan naba ung bilyong pondo? props?lokohan na toh !!!!,1.96790908336695E+018,1758107000000,1.96790908336695E+018,,,,,,,"SINGLE 5'10 ♒ 
Nobody said it was easy..I'm goin back to the start",31742,6664,7478,GerardoGarcia,GerardoR1684,0,0,0,0,41,,,,,,,,,,,,,,,,,,,,,
https://x.com/PhilstarNews/status/1967909083366953111,1.96790908336695E+018,1.96819156970365E+018,https://x.com/PaxSkylar/status/1968191569703649341,@PhilstarNews Nakakasuka tong gobyerno at mga contractor na ito,1.96790908336695E+018,1758088412000,1.96790908336695E+018,,,,,,,I’m just here to make money. Not FA. Trade at your own risk.,65836,226,859,Affin,PaxSkylar,0,0,0,1,177,,,,,,,,,,,,,,,,,,,,,
https://x.com/PhilstarNews/status/1967909083366953111,1.96790908336695E+018,1.96825882551512E+018,https://x.com/yumilkanjr/status/1968258825515118788,@PhilstarNews wtf,1.96790908336695E+018,1758104447000,1.96790908336695E+018,,,,,,,where & what the fuck is my mojo  (／ˍ・、),69098,149,249,yumilka,yumilkanjr,0,0,0,0,32,,,,,,,,,,,,,,,,,,,,,
https://x.com/PhilstarNews/status/1967909083366953111,1.96790908336695E+018,1.96826600821451E+018,https://x.com/mommypinky50/status/1968266008214511970,"@PhilstarNews OMG grabe na talaga sila,ginawang career ang pagnanakaw!!!",1.96790908336695E+018,1758106159000,1.96790908336695E+018,,,,,,,"The only way to keep your health is to eat what you don’t want,drink what you don’t like and do what you’d rather not.",81922,699,1279,石川ピンキー,mommypinky50,0,0,0,0,42,,,,,,,,,,,,,,,,,,,,,
https://x.com/PhilstarNews/status/1967909083366953111,1.96790908336695E+018,1.96816150356527E+018,https://x.com/eduard_nicolo/status/1968161503565271094,@PhilstarNews Demonyo talaga ang mga yan ,1.96790908336695E+018,1758081243000,1.96790908336695E+018,,,,,,, ✈   ,13391,37,99,ƎDUΛRD NİCOLO | RMT,eduard_nicolo,0,0,0,1,192,,,,,,,,,,,,,,,,,,,,,
https://x.com/PhilstarNews/status/1967909083366953111,1.96790908336695E+018,1.96829414492706E+018,https://x.com/kiankierHQ/status/1968294144927056110,@PhilstarNews kahit si satanas matatakot sa mga pinaggagawa ng mga to ,1.96790908336695E+018,1758112867000,1.96790908336695E+018,,,,,,,25 l mechengr l no dating apps l  @kianutsz,44790,15126,1496,kian kier ⚙️,kiankierHQ,0,0,0,1,97,,,,,,,,,,,,,,,,,,,,,
https://x.com/PhilstarNews/status/1967909083366953111,1.96790908336695E+018,1.96816690655444E+018,https://x.com/ultzcart/status/1968166906554438029,@PhilstarNews Mga Pu,1.96790908336695E+018,1758082531000,1.96790908336695E+018,,,,,,, https://t.co/HYeqRC9OKu | bns | jiharom  flover  sumit ✨,65082,136,268,ultzcart | from our 20’s ,ultzcart,0,0,0,0,177,,,,,,,,,,,,,,,,,,,,,
https://x.com/PhilstarNews/status/1967909083366953111,1.96790908336695E+018,1.96832440916655E+018,https://x.com/MahalinAngBansa/status/1968324409166549411,@PhilstarNews ,1.96790908336695E+018,1758120083000,1.96790908336695E+018,,,,,,,Love your country,34387,46,168,Marco Polo,MahalinAngBansa,0,0,0,0,3,,,,,,,,,,,,,,,,,,,,,
https://x.com/PhilstarNews/status/1967909083366953111,1.96790908336695E+018,1.96817978156188E+018,https://x.com/MariaRostamo/status/1968179781561881012,@PhilstarNews GRABE,1.96790908336695E+018,1758085601000,1.96790908336695E+018,,,,,,,"Filipina  married to a Finn  Dog & Cat Mom, and advocate for #51AkbayanPartylist. Usually fine, but apalled by the state of the   IG: MariaRostamo",3648,31,125,Maria,MariaRostamo,0,0,0,0,219,,,,,,,,,,,,,,,,,,,,,
https://x.com/PhilstarNews/status/1967909083366953111,1.96790908336695E+018,1.96815377194463E+018,https://x.com/pilyungHUSBAND/status/1968153771944628325,@PhilstarNews Enung yan,1.96790908336695E+018,1758079400000,1.96790908336695E+018,,,,,,,‍♂️,21880,583,655,A3,pilyungHUSBAND,0,0,0,0,153,,,,,,,,,,,,,,,,,,,,,
https://x.com/PhilstarNews/status/1967909083366953111,1.96790908336695E+018,1.96811867241916E+018,https://x.com/DareToPop/status/1968118672419164215,@PhilstarNews Grabe to,1.96790908336695E+018,1758071032000,1.96790908336695E+018,,,,,,,"music, film, tv and concert enthusiast turned activist na daw sabi ng friends ko, sorry in advance sa massive retweets against injustices ✌️",121401,355,1088,Ang Kuya Mong Bunso,DareToPop,0,0,0,0,685,,,,,,,,,,,,,,,,,,,,,
https://x.com/PhilstarNews/status/1967909083366953111,1.96790908336695E+018,1.96817500109562E+018,https://x.com/jerene_starstar/status/1968175001095622834,@PhilstarNews Wth,1.96790908336695E+018,1758084461000,1.96790908336695E+018,,,,,,,,113233,305,1858,JB2Stars,jerene_starstar,0,0,0,0,66,,,,,,,,,,,,,,,,,,,,,
https://x.com/PhilstarNews/status/1967909083366953111,1.96790908336695E+018,1.96822281615279E+018,https://x.com/ZzzzmilkA/status/1968222816152789183,@PhilstarNews Ohhh La Union. It’s about time Ortega Dynasty.,1.96790908336695E+018,1758095861000,1.96790908336695E+018,,,,,,,,3916,2,68,Lady Capri,ZzzzmilkA,0,0,0,0,113,,,,,,,,,,,,,,,,,,,,,
https://x.com/PhilstarNews/status/1967875235442725017,1.96787523544273E+018,1.96788139963096E+018,https://x.com/joshryE10/status/1967881399630958882,@PhilstarNews @JPMangaluz Gumalaw din ang AMLC...Ombudsman nalang need na gumalaw...,1.96787523544273E+018,1758014461000,1.96787523544273E+018,,,,,,,,4278,7,145,Josh Rye,joshryE10,0,0,0,0,18,,,,,,,,,,,,,,,,,,,,,
