Now,Wed Sep 17 2025 22:11:01 GMT+0800 (Philippine Standard Time),Unnamed: 2,Unnamed: 3,Unnamed: 4,Unnamed: 5,Unnamed: 6,Unnamed: 7,Unnamed: 8,Unnamed: 9,Unnamed: 10
Post URL,https://www.tiktok.com/@news5everywhere/video/7545112713316388114,,,,,,,,,
Publisher Nickname,News5,,,,,,,,,
Publisher @,news5everywhere,,,,,,,,,
Publisher URL,https://www.tiktok.com/@news5everywhere,,,,,,,,,
Publish Time,1-9-2025,,,,,,,,,
Post Likes,11.6K,,,,,,,,,
Post Shares,985,,,,,,,,,
Description,"Ginisa ng mga senador ang contractors ng umano‚Äôy maanomalyang flood control projects.
Ang kontratistang si Sarah Discaya, umamin na mayroon siyang 28 luxury cars at isa sa may-ari ng siyam na kompanyang nakakuha ng proyekto sa gobyerno. #FrontlinePilipinas #BreakingNewsPH
less",,,,,,,,,
Number of 1st level comments,111,,,,,,,,,
Number of 2nd level comments,13,,,,,,,,,
"Total Comments (actual, in this list, rendered in the comment section; needs all comments to be loaded!)",124,,,,,,,,,
Total Comments (which TikTok tells you; it's too high most of the time when dealing with many comments OR way too low because TikTok limits the number of comments to prevent scraping),362,,,,,,,,,
Difference,238,,,,,,,,,
Comment Number (ID),Nickname,User @,User URL,Comment Text,Time,Likes,Profile Picture URL,Is 2nd Level Comment,User Replied To,Number of Replies
1,c.shee0,c.shee0,https://www.tiktok.com/@c.shee0,"mas marami pa car nila kaysa sa bra ko, HAHAHAHAH",1-9-2025,433,https://p16-sign-sg.tiktokcdn.com/tos-alisg-avt-0068/5d78084afe2e4f84e013913c54579e72~tplv-tiktokx-cropcenter:100:100.jpg?dr=14579&refresh_token=61f74549&x-expires=1758204000&x-signature=pT5lXHddAIMgdctSqZYP2fVh9ao%3D&t=4d5b0474&ps=13740610&shp=30310797&shcp=ff37627b&idc=my,No,---,3
2,Karl,ok.karl,https://www.tiktok.com/@ok.karl,oks lang yan di mo naman kailangan,1-9-2025,19,https://p16-sign-sg.tiktokcdn.com/tos-alisg-avt-0068/44885086eee19a7c7809cef05c9db821~tplv-tiktokx-cropcenter:100:100.jpg?dr=14579&refresh_token=9cad0897&x-expires=1758204000&x-signature=KxXKWEKUXon6Bt%2BVI8H4arbqxrU%3D&t=4d5b0474&ps=13740610&shp=30310797&shcp=ff37627b&idc=my,Yes,c.shee0,0
3,Vinz Vimz,vinzvimz05,https://www.tiktok.com/@vinzvimz05,üòÇüòÇ,1-9-2025,1,https://p16-sign-sg.tiktokcdn.com/tos-alisg-avt-0068/f95f64cac8fd875c991728131108e57a~tplv-tiktokx-cropcenter:100:100.jpg?dr=14579&refresh_token=e8a06b16&x-expires=1758204000&x-signature=Si7BAKWxLbmxESbdWw3Tyr8PfAk%3D&t=4d5b0474&ps=13740610&shp=30310797&shcp=ff37627b&idc=my,Yes,c.shee0,0
4,Mc,mcdrhoni,https://www.tiktok.com/@mcdrhoni,savageüíÄ,2-9-2025,0,https://p16-sign-sg.tiktokcdn.com/tos-alisg-avt-0068/18452d1480821f79a680120d6d737760~tplv-tiktokx-cropcenter:100:100.jpg?dr=14579&refresh_token=3e5e7379&x-expires=1758204000&x-signature=UNfTz0hUDNgImwAFPsaCSGkn62A%3D&t=4d5b0474&ps=13740610&shp=30310797&shcp=ff37627b&idc=my,Yes,c.shee0,0
5,–ê—É—à–µ–Ω –•–µ–π–ª—Å—Ç—Ä–µ–π–Ω–æ–∫—Å,aushen.halestrynox,https://www.tiktok.com/@aushen.halestrynox,"40 yun ah, bakit 28 na lang?",1-9-2025,72,https://p9-sign-sg.tiktokcdn.com/tos-alisg-avt-0068/8a9617cd2025225675eda4c455ed79ed~tplv-tiktokx-cropcenter:100:100.jpg?dr=14579&refresh_token=52783bbc&x-expires=1758204000&x-signature=2jmYho17ptSDjDHm6vAPA49Ktak%3D&t=4d5b0474&ps=13740610&shp=30310797&shcp=ff37627b&idc=my,No,---,8
6,Nanzy29,nancypgutierrez,https://www.tiktok.com/@nancypgutierrez,dna daw nya maalala yong iba üòÇ,1-9-2025,5,https://p16-sign-va.tiktokcdn.com/tos-maliva-avt-0068/1f09df46dc79e8ddb5f53b2ee2432a5f~tplv-tiktokx-cropcenter:100:100.jpg?dr=14579&refresh_token=aaceaf7b&x-expires=1758204000&x-signature=dnpz6LOCsxeFLRMrqBDfiBvBy3c%3D&t=4d5b0474&ps=13740610&shp=30310797&shcp=ff37627b&idc=my,Yes,–ê—É—à–µ–Ω –•–µ–π–ª—Å—Ç—Ä–µ–π–Ω–æ–∫—Å,0
7,yel,.vailocity,https://www.tiktok.com/@.vailocity,"28 luxury vehicles, the rest service vehicles",1-9-2025,3,https://p16-sign-sg.tiktokcdn.com/tos-alisg-avt-0068/96a2a0d66a56db7f5a49eccb2bff82a1~tplv-tiktokx-cropcenter:100:100.jpg?dr=14579&refresh_token=f48531e3&x-expires=1758204000&x-signature=MP1bEd8GhlJ6hTR5IDIIxdQWBYA%3D&t=4d5b0474&ps=13740610&shp=30310797&shcp=ff37627b&idc=my,Yes,–ê—É—à–µ–Ω –•–µ–π–ª—Å—Ç—Ä–µ–π–Ω–æ–∫—Å,0
8,justine,justine.sy3,https://www.tiktok.com/@justine.sy3,naniwala ka naman HAHAHAAHAHH,2-9-2025,3,https://p16-sign-sg.tiktokcdn.com/tos-alisg-avt-0068/455180dd4787addd3f47706eb7722337~tplv-tiktokx-cropcenter:100:100.jpg?dr=14579&refresh_token=d26e10c4&x-expires=1758204000&x-signature=zoM6GcMSlm1gXeIm2CRulR6HvtI%3D&t=4d5b0474&ps=13740610&shp=30310797&shcp=ff37627b&idc=my,Yes,–ê—É—à–µ–Ω –•–µ–π–ª—Å—Ç—Ä–µ–π–Ω–æ–∫—Å,0
9,matt_type18,shrimp_type18,https://www.tiktok.com/@shrimp_type18,naging 12 na nga lang e haha,2-9-2025,0,https://p16-sign-sg.tiktokcdn.com/tos-alisg-avt-0068/3ab6edc2737e339948804709fe6d3bde~tplv-tiktokx-cropcenter:100:100.jpg?dr=14579&refresh_token=3ee98fed&x-expires=1758204000&x-signature=c5Ajm7Yxt47GuVNmXW3nPS0xq1g%3D&t=4d5b0474&ps=13740610&shp=30310797&shcp=ff37627b&idc=my,Yes,–ê—É—à–µ–Ω –•–µ–π–ª—Å—Ç—Ä–µ–π–Ω–æ–∫—Å,0
10,Nisha,nishasaffiliatecorner,https://www.tiktok.com/@nishasaffiliatecorner,28 ata yung pinaka kanila talaga the rest nakapangalan na sa kumpanya nila yung iba,2-9-2025,0,https://p16-sign-sg.tiktokcdn.com/tos-alisg-avt-0068/64da1528b4e5a3a5d70e92470ff41285~tplv-tiktokx-cropcenter:100:100.jpg?dr=14579&refresh_token=a1de6cce&x-expires=1758204000&x-signature=5NIZGvAxry83Cx6UTwDhL50DXm8%3D&t=4d5b0474&ps=13740610&shp=30310797&shcp=ff37627b&idc=my,Yes,–ê—É—à–µ–Ω –•–µ–π–ª—Å—Ç—Ä–µ–π–Ω–æ–∫—Å,0
11,Jocelyn Balucio,jocelynbalucio,https://www.tiktok.com/@jocelynbalucio,Tinago na kasi nabuking na sila,2-9-2025,0,https://p16-sign-va.tiktokcdn.com/tos-maliva-avt-0068/2e45e8c4b3dcd0d6cf1932f6d514e2e6~tplv-tiktokx-cropcenter:100:100.jpg?dr=14579&refresh_token=2184b49c&x-expires=1758204000&x-signature=qAGyg7lJph6E%2F%2FvwOyR48BYcs3E%3D&t=4d5b0474&ps=13740610&shp=30310797&shcp=ff37627b&idc=my,Yes,–ê—É—à–µ–Ω –•–µ–π–ª—Å—Ç—Ä–µ–π–Ω–æ–∫—Å,0
12,risaarenopse,risaarenopse,https://www.tiktok.com/@risaarenopse,baka binintaüòÜ,2-9-2025,0,https://p16-sign-sg.tiktokcdn.com/tos-alisg-avt-0068/a010267f63b7d291abc15dcfe4d9e731~tplv-tiktokx-cropcenter:100:100.jpg?dr=14579&refresh_token=7554d802&x-expires=1758204000&x-signature=bjv5HPd0dGNTNMas5sv4XmBfVQ0%3D&t=4d5b0474&ps=13740610&shp=30310797&shcp=ff37627b&idc=my,Yes,–ê—É—à–µ–Ω –•–µ–π–ª—Å—Ç—Ä–µ–π–Ω–æ–∫—Å,0
13,Tinolang_Adobo,boss_je_95,https://www.tiktok.com/@boss_je_95,inanod yata ng baha ü§£ü§£,2-9-2025,0,https://p16-sign-sg.tiktokcdn.com/tos-alisg-avt-0068/30b0482f7f44ec10b26a713b52d67e57~tplv-tiktokx-cropcenter:100:100.jpg?dr=14579&refresh_token=65f9626d&x-expires=1758204000&x-signature=T5LrwCl837z0KFjygnBqM6lzmPQ%3D&t=4d5b0474&ps=13740610&shp=30310797&shcp=ff37627b&idc=my,Yes,–ê—É—à–µ–Ω –•–µ–π–ª—Å—Ç—Ä–µ–π–Ω–æ–∫—Å,0
14,ANTOOOONüî•,antoooon72,https://www.tiktok.com/@antoooon72,real talk walang makukulong jan,2-9-2025,113,https://p16-sign-sg.tiktokcdn.com/tos-alisg-avt-0068/82e555fe9253b39705a25bb4a00aa5ad~tplv-tiktokx-cropcenter:100:100.jpg?dr=14579&refresh_token=995fdba1&x-expires=1758204000&x-signature=FdhCEIxMQ%2B08Rt48vV9vbbayNVo%3D&t=4d5b0474&ps=13740610&shp=30310797&shcp=ff37627b&idc=my,No,---,3
15,Tonyiii,tonycalimagiii,https://www.tiktok.com/@tonycalimagiii,well ganon talaga kapag mayaman ka HAHAHAHAHA,2-9-2025,5,https://p16-sign-sg.tiktokcdn.com/tos-alisg-avt-0068/e0e080c88eee9db965af130acd79efb7~tplv-tiktokx-cropcenter:100:100.jpg?dr=14579&refresh_token=011297ee&x-expires=1758204000&x-signature=%2FEZVtxRWGAZin%2FovxV9jG3QfIaY%3D&t=4d5b0474&ps=13740610&shp=30310797&shcp=ff37627b&idc=my,Yes,ANTOOOONüî•,0
16,ANTOOOONüî•,antoooon72,https://www.tiktok.com/@antoooon72,,2-9-2025,3,https://p16-sign-sg.tiktokcdn.com/tos-alisg-avt-0068/82e555fe9253b39705a25bb4a00aa5ad~tplv-tiktokx-cropcenter:100:100.jpg?dr=14579&refresh_token=995fdba1&x-expires=1758204000&x-signature=FdhCEIxMQ%2B08Rt48vV9vbbayNVo%3D&t=4d5b0474&ps=13740610&shp=30310797&shcp=ff37627b&idc=my,Yes,ANTOOOONüî•,0
17,Jocelyn Balucio,jocelynbalucio,https://www.tiktok.com/@jocelynbalucio,Ganun talaga ang batas sa pinasüëçüëç,2-9-2025,1,https://p16-sign-va.tiktokcdn.com/tos-maliva-avt-0068/2e45e8c4b3dcd0d6cf1932f6d514e2e6~tplv-tiktokx-cropcenter:100:100.jpg?dr=14579&refresh_token=2184b49c&x-expires=1758204000&x-signature=qAGyg7lJph6E%2F%2FvwOyR48BYcs3E%3D&t=4d5b0474&ps=13740610&shp=30310797&shcp=ff37627b&idc=my,Yes,ANTOOOONüî•,0
18,Ashhhsssllleyyyyyehee‚ú®üí´,kendallhhs24,https://www.tiktok.com/@kendallhhs24,bakit po si discaya lang ginigisa sa senado wala ung mga Co?,3-9-2025,0,https://p16-sign-sg.tiktokcdn.com/tos-alisg-avt-0068/cd6de2186770cf76a9e8200aa97aa06f~tplv-tiktokx-cropcenter:100:100.jpg?dr=14579&refresh_token=d4a3e121&x-expires=1758204000&x-signature=klbOQY7ghBGAIb4P9k5r0CQlVZ0%3D&t=4d5b0474&ps=13740610&shp=30310797&shcp=ff37627b&idc=my,No,---,1
19,Ashhhsssllleyyyyyehee‚ú®üí´,kendallhhs24,https://www.tiktok.com/@kendallhhs24,sana masagot ng tama,3-9-2025,0,https://p16-sign-sg.tiktokcdn.com/tos-alisg-avt-0068/cd6de2186770cf76a9e8200aa97aa06f~tplv-tiktokx-cropcenter:100:100.jpg?dr=14579&refresh_token=d4a3e121&x-expires=1758204000&x-signature=klbOQY7ghBGAIb4P9k5r0CQlVZ0%3D&t=4d5b0474&ps=13740610&shp=30310797&shcp=ff37627b&idc=my,Yes,Ashhhsssllleyyyyyehee‚ú®üí´,0
20,Mark still learning.,rouksekairo,https://www.tiktok.com/@rouksekairo,sarah discaya umiyak üíÄ,2-9-2025,0,https://p16-sign-sg.tiktokcdn.com/tos-alisg-avt-0068/19075521d995f9003f930f332bf115ea~tplv-tiktokx-cropcenter:100:100.jpg?dr=14579&refresh_token=fa863562&x-expires=1758204000&x-signature=Afoh5PxFwoclW%2Bp6MVQL%2F5ovynE%3D&t=4d5b0474&ps=13740610&shp=30310797&shcp=ff37627b&idc=my,No,---,0
21,Jin Kazama,underratedwel,https://www.tiktok.com/@underratedwel,brief ko nga apat lang e,2-9-2025,35,https://p16-sign-sg.tiktokcdn.com/tos-alisg-avt-0068/5689aa34534561cbd0d69e6120ce159e~tplv-tiktokx-cropcenter:100:100.jpg?dr=14579&refresh_token=75a3defa&x-expires=1758204000&x-signature=TGFMj0LzqZzQzG25lnJ7KBbMBAk%3D&t=4d5b0474&ps=13740610&shp=30310797&shcp=ff37627b&idc=my,No,---,3
22,username2010,oliclounver,https://www.tiktok.com/@oliclounver,ako nga broo tatlo nilalaba laba kopa katapos kong maligo ahhaha,2-9-2025,3,https://p16-sign-sg.tiktokcdn.com/tos-alisg-avt-0068/1df0858fecfda819022e92a9d0db8021~tplv-tiktokx-cropcenter:100:100.jpg?dr=14579&refresh_token=fd7c635d&x-expires=1758204000&x-signature=h4co6D2la2qUG8H0byui8CtUzRs%3D&t=4d5b0474&ps=13740610&shp=30310797&shcp=ff37627b&idc=my,Yes,Jin Kazama,0
23,CARL,chrlndr0830,https://www.tiktok.com/@chrlndr0830,"kaya sa mga bumoto kay Discaya noong nakaraang eleksyon, mga 8080 naman kayo",2-9-2025,1,https://p16-sign-sg.tiktokcdn.com/tos-alisg-avt-0068/24f0cc907826cc239720322a1121315b~tplv-tiktokx-cropcenter:100:100.jpg?dr=14579&refresh_token=d5d0374d&x-expires=1758204000&x-signature=sEuSxjpAz7V8JgBg8loQbc6oxr4%3D&t=4d5b0474&ps=13740610&shp=30310797&shcp=ff37627b&idc=my,Yes,Jin Kazama,0
24,Graceüå∑,tanashiri514,https://www.tiktok.com/@tanashiri514,HaHaHa üòÇ,2-9-2025,0,https://p16-sign-sg.tiktokcdn.com/tos-alisg-avt-0068/fd5ed56cec831757004140ca9b08d605~tplv-tiktokx-cropcenter:100:100.jpg?dr=14579&refresh_token=97bb1610&x-expires=1758204000&x-signature=thc8Vdu%2BVEsehQaK%2FArLLEFCRWk%3D&t=4d5b0474&ps=13740610&shp=30310797&shcp=ff37627b&idc=my,Yes,Jin Kazama,0
25,Rickven,rickvenragil,https://www.tiktok.com/@rickvenragil,"napanuod ko na toh , walang makukulong dito HAHAHAHA",2-9-2025,1,https://p16-sign-va.tiktokcdn.com/tos-maliva-avt-0068/e76ed3067d94e4c278d909c2e5241ede~tplv-tiktokx-cropcenter:100:100.jpg?dr=14579&refresh_token=07b12007&x-expires=1758204000&x-signature=UWyVHL8YIndsYgfyLiV%2Fj%2BSho3U%3D&t=4d5b0474&ps=13740610&shp=30310797&shcp=ff37627b&idc=my,No,---,3
26,paksiw,ikawlangsapatn223,https://www.tiktok.com/@ikawlangsapatn223,Tama boss pinatagal Lang tpos SA huli wala na atong angüòÇüòÇ,2-9-2025,0,https://p16-sign-va.tiktokcdn.com/tos-maliva-avt-0068/7287464604133621766~tplv-tiktokx-cropcenter:100:100.jpg?dr=14579&refresh_token=997ce358&x-expires=1758204000&x-signature=3j%2Bm6kYym7noAy0%2FdhfbMtsHZbc%3D&t=4d5b0474&ps=13740610&shp=30310797&shcp=ff37627b&idc=my,Yes,Rickven,0
27,Rickven,rickvenragil,https://www.tiktok.com/@rickvenragil,"Kahit ano pang ibalita nila walang justice sa pilipinas , mga mahihirap lang pinapatawan ng kulong HAHAHAHA",2-9-2025,1,https://p16-sign-va.tiktokcdn.com/tos-maliva-avt-0068/e76ed3067d94e4c278d909c2e5241ede~tplv-tiktokx-cropcenter:100:100.jpg?dr=14579&refresh_token=07b12007&x-expires=1758204000&x-signature=UWyVHL8YIndsYgfyLiV%2Fj%2BSho3U%3D&t=4d5b0474&ps=13740610&shp=30310797&shcp=ff37627b&idc=my,Yes,Rickven,0
28,paksiw,ikawlangsapatn223,https://www.tiktok.com/@ikawlangsapatn223,UNg nag nakaw ng isang sako Ng bigas kulang agad wla money Samantala Yan mayaman kailangan imbistigahan para makabigay Ng malaki üòÇüòÇüòÇüòÇ,2-9-2025,0,https://p16-sign-va.tiktokcdn.com/tos-maliva-avt-0068/7287464604133621766~tplv-tiktokx-cropcenter:100:100.jpg?dr=14579&refresh_token=997ce358&x-expires=1758204000&x-signature=3j%2Bm6kYym7noAy0%2FdhfbMtsHZbc%3D&t=4d5b0474&ps=13740610&shp=30310797&shcp=ff37627b&idc=my,Yes,Rickven,0
29,Zack'N Zayn Shop,.jmzz_98,https://www.tiktok.com/@.jmzz_98,pagkatapos sabunin ginisa naman ..ano nang lasa nyan?,2-9-2025,1,https://p19-common-sign-useastred.tiktokcdn-eu.com/tos-useast2a-avt-0068-giso/7116862101812936730~tplv-tiktokx-cropcenter:100:100.jpg?dr=14579&refresh_token=d28c5d03&x-expires=1758204000&x-signature=HC0nnDHnBimiNFQSMu86WVq1mj0%3D&t=4d5b0474&ps=13740610&shp=30310797&shcp=ff37627b&idc=my,No,---,1
30,gandara,gandarazevach,https://www.tiktok.com/@gandarazevach,üòÇ,4-9-2025,0,https://p16-sign-sg.tiktokcdn.com/tos-alisg-avt-0068/a827890b22f156b4fb4cac85c5050e72~tplv-tiktokx-cropcenter:100:100.jpg?dr=14579&refresh_token=d0939bcb&x-expires=1758204000&x-signature=XqLgnI7Y8EnVxtEM4dCwx%2BT2wuw%3D&t=4d5b0474&ps=13740610&shp=30310797&shcp=ff37627b&idc=my,Yes,Zack'N Zayn Shop,0
31,Jayson Despacio,jayson.despacio,https://www.tiktok.com/@jayson.despacio,kung di pa babahain Ang mga ibang Lugar di pa malalaman Ang mga corrupt na mga contractorü§¶ü§¶ü§¶Ang Tanong makulong kaya Ang mga corrupt na mga contractorü§îü§îü§î,2-9-2025,2,https://p16-sign-sg.tiktokcdn.com/tos-alisg-avt-0068/4ffb9b7fdcdd5d53073ac7ec23860536~tplv-tiktokx-cropcenter:100:100.jpg?dr=14579&refresh_token=81fbcf8b&x-expires=1758204000&x-signature=Rc1QV8aZQlnCdC5wOV0SZFxIvsk%3D&t=4d5b0474&ps=13740610&shp=30310797&shcp=ff37627b&idc=my,No,---,0
32,bberry.luvrism,saixy_xail,https://www.tiktok.com/@saixy_xail,TAMA TAMA,1-9-2025,5,https://p16-sign-sg.tiktokcdn.com/tos-alisg-avt-0068/ca55469f101a31dca1a149119c1e7d2d~tplv-tiktokx-cropcenter:100:100.jpg?dr=14579&refresh_token=f48d88ec&x-expires=1758204000&x-signature=91h8yIfDmKeZJfUGpJZZkFuQH74%3D&t=4d5b0474&ps=13740610&shp=30310797&shcp=ff37627b&idc=my,No,---,1
33,Prince Gabriel Alexander 13,prince.gabriel.al7,https://www.tiktok.com/@prince.gabriel.al7,üòù,2-9-2025,2,https://p16-sign-sg.tiktokcdn.com/tos-alisg-avt-0068/2ba090d43fabe5cadd163fd000e2948d~tplv-tiktokx-cropcenter:100:100.jpg?dr=14579&refresh_token=2c654395&x-expires=1758204000&x-signature=6lFzaXXssn4U897y0fhPTS2oXLA%3D&t=4d5b0474&ps=13740610&shp=30310797&shcp=ff37627b&idc=my,Yes,bberry.luvrism,0
34,JR Maninang,jrmaninangninong_0,https://www.tiktok.com/@jrmaninangninong_0,Future millionaires liked this comment,2-9-2025,1,https://p16-sign-sg.tiktokcdn.com/tos-alisg-avt-0068/3495d0d5c567475143d168b882a21418~tplv-tiktokx-cropcenter:100:100.jpg?dr=14579&refresh_token=6a81243a&x-expires=1758204000&x-signature=z06F9YUr4hpJvWtvMcy%2BbWMfmB0%3D&t=4d5b0474&ps=13740610&shp=30310797&shcp=ff37627b&idc=my,No,---,0
35,Yakult,iconicyakult,https://www.tiktok.com/@iconicyakult,YES TAMA YAN,1-9-2025,11,https://p16-sign-sg.tiktokcdn.com/tos-alisg-avt-0068/5177823debdd7cfc96046ceda6c237d3~tplv-tiktokx-cropcenter:100:100.jpg?dr=14579&refresh_token=5ace0d50&x-expires=1758204000&x-signature=jl5HN4aUN4fUqap%2F2xdZGZGTz9Y%3D&t=4d5b0474&ps=13740610&shp=30310797&shcp=ff37627b&idc=my,No,---,0
36,Princess,princesceyy,https://www.tiktok.com/@princesceyy,edit yarn?,4-9-2025,0,https://p16-sign-sg.tiktokcdn.com/tos-alisg-avt-0068/dbe62cb8310ba00a3cdbe51ffc70a515~tplv-tiktokx-cropcenter:100:100.jpg?dr=14579&refresh_token=03dea976&x-expires=1758204000&x-signature=q6fLHUK6ar1VwK0xPGKywoFMS94%3D&t=4d5b0474&ps=13740610&shp=30310797&shcp=ff37627b&idc=my,No,---,0
37,Maeryl ü©∫üá∂üá¶üáµüá≠,mayang_303,https://www.tiktok.com/@mayang_303,"REPEAT AFTER MEüì£üì£üì£üì£üì£üì£üì£
Normalize public shaming and calling out all corrupt politicians and their families who shamelessly flaunt our tax money. Staying silent only protects those who fail us. Let‚Äôs raise our voices, shame them, post them, pressure them, ask the hard questions, and demand real solutions from our leaders. We don‚Äôt deserve the bare minimum.",4-9-2025,0,https://p16-sign-sg.tiktokcdn.com/tos-alisg-avt-0068/2ab0c9c08072db3c9b92057066ec2355~tplv-tiktokx-cropcenter:100:100.jpg?dr=14579&refresh_token=44e2905d&x-expires=1758204000&x-signature=lVVVsFG3gVE9TwQqpz5PzRozxk0%3D&t=4d5b0474&ps=13740610&shp=30310797&shcp=ff37627b&idc=my,No,---,0
38,Prince Gabriel Alexander 13,prince.gabriel.al7,https://www.tiktok.com/@prince.gabriel.al7,Charge them with necessary charges. Get the balance behind reinvest into ADrich.Mgmt@royalcourt.se / ADrichWorldEnterprise@royalcourt.se / Make profit while get the outstanding job done. Too many involvement. üëç,2-9-2025,5,https://p16-sign-sg.tiktokcdn.com/tos-alisg-avt-0068/2ba090d43fabe5cadd163fd000e2948d~tplv-tiktokx-cropcenter:100:100.jpg?dr=14579&refresh_token=2c654395&x-expires=1758204000&x-signature=6lFzaXXssn4U897y0fhPTS2oXLA%3D&t=4d5b0474&ps=13740610&shp=30310797&shcp=ff37627b&idc=my,No,---,0
39,jxtn,softjustyn,https://www.tiktok.com/@softjustyn,,2-9-2025,15,https://p9-sign-sg.tiktokcdn.com/tos-alisg-avt-0068/aef1e8ede2731747e09d26dce12441db~tplv-tiktokx-cropcenter:100:100.jpg?dr=14579&refresh_token=1a830cb2&x-expires=1758204000&x-signature=USghgJ1v6ZuzUVagv4t%2BgOcvIXo%3D&t=4d5b0474&ps=13740610&shp=30310797&shcp=ff37627b&idc=my,No,---,0
40,Evangeline Velasquez,evangeline.velasq81,https://www.tiktok.com/@evangeline.velasq81,bkt nagkulang?dba 40+ unü§£ü§£ü§£,1-9-2025,18,https://p9-sign-sg.tiktokcdn.com/tos-alisg-avt-0068/6f53c827e43f77026a5722566473be61~tplv-tiktokx-cropcenter:100:100.jpg?dr=14579&refresh_token=40609d97&x-expires=1758204000&x-signature=9g0dhU4aVeOzIVF4J5BoqTPS9Z8%3D&t=4d5b0474&ps=13740610&shp=30310797&shcp=ff37627b&idc=my,No,---,0
41,frankoceanpogi,frankoceanpogi,https://www.tiktok.com/@frankoceanpogi,"‚ùóÔ∏èDONT LET THIS ISSUE DIE‚ùóÔ∏èNormalize public shaming and calling out all corrupt politicians and their families who shamelessly flaunt our tax money. Staying silent only protects those who fail us. Let‚Äôs raise our voices, shame them, post them, pressure them, ask the hard questions, and demand real solutions from our leaders. We don‚Äôt deserve the bare minimum.üíØ GISING PILIPINAS !!",1-9-2025,46,https://p16-sign-sg.tiktokcdn.com/tos-alisg-avt-0068/0237f513f8ca131f34293270262fbf64~tplv-tiktokx-cropcenter:100:100.jpg?dr=14579&refresh_token=969b7fbb&x-expires=1758204000&x-signature=cQARJxovDw%2BpYbSJGdGBdT15S14%3D&t=4d5b0474&ps=13740610&shp=30310797&shcp=ff37627b&idc=my,No,---,0
42,Jeng Jeng,mariajesusamoraga,https://www.tiktok.com/@mariajesusamoraga,parang dinaig pa ang yaman ni emelda,4-9-2025,0,https://p16-sign-sg.tiktokcdn.com/tos-alisg-avt-0068/eca858facaaf8a3d3a8e6009cc58eed4~tplv-tiktokx-cropcenter:100:100.jpg?dr=14579&refresh_token=27caa985&x-expires=1758204000&x-signature=JUonGyrpWzvThHjfVmne8pXdHXw%3D&t=4d5b0474&ps=13740610&shp=30310797&shcp=ff37627b&idc=my,No,---,0
43,Teejay,teejay4281,https://www.tiktok.com/@teejay4281,walang mapapanagot jan..,2-9-2025,0,https://p16-sign-va.tiktokcdn.com/tos-maliva-avt-0068/7251135763553714181~tplv-tiktokx-cropcenter:100:100.jpg?dr=14579&refresh_token=928fc3bd&x-expires=1758204000&x-signature=DfwLeybqfFaCv65WDWoqP16Y8dk%3D&t=4d5b0474&ps=13740610&shp=30310797&shcp=ff37627b&idc=my,No,---,0
44,shyne,shanaya.1011,https://www.tiktok.com/@shanaya.1011,igigisa lng pero makukulong ba,1-9-2025,13,https://p16-sign-sg.tiktokcdn.com/tos-alisg-avt-0068/c0d6db64d4b24ef66f855f5d8006f0d4~tplv-tiktokx-cropcenter:100:100.jpg?dr=14579&refresh_token=10fb6021&x-expires=1758204000&x-signature=Lix2jljb%2FGCzxIOiPWLCFd%2BBNcE%3D&t=4d5b0474&ps=13740610&shp=30310797&shcp=ff37627b&idc=my,No,---,0
45,Nadia ü¶à,nadiarzk,https://www.tiktok.com/@nadiarzk,"REPEAT AFTER ME!!!
Normalize public shaming and calling out all corrupt politicians and their families who shamelessly flaunt our tax money. Staying silent only protects those who fail us. Let‚Äôs raise our voices, shame them, post them, pressure them, ask the hard questions, and demand real solutions from our leaders. We don‚Äôt deserve the bare minimum.üíØ GISING PILIPINAS !!",2-9-2025,4,https://p16-sign-sg.tiktokcdn.com/tos-alisg-avt-0068/2a8beaad54b82c6d9903f7b0815047da~tplv-tiktokx-cropcenter:100:100.jpg?dr=14579&refresh_token=1814bd7b&x-expires=1758204000&x-signature=puWrvOn8Oj8lDu8gX34akMjWkmM%3D&t=4d5b0474&ps=13740610&shp=30310797&shcp=ff37627b&idc=my,No,---,0
46,elaine,elramuel,https://www.tiktok.com/@elramuel,ginisa...may kukulong kaya??,2-9-2025,4,https://p16-sign-va.tiktokcdn.com/tos-maliva-avt-0068/3a78a603e0922568d726827d3bdb0231~tplv-tiktokx-cropcenter:100:100.jpg?dr=14579&refresh_token=c74d7a0a&x-expires=1758204000&x-signature=f0e%2FCl7SzvixzeEreg23kmeZkwU%3D&t=4d5b0474&ps=13740610&shp=30310797&shcp=ff37627b&idc=my,No,---,0
47,Terradrone,slydeteriorator,https://www.tiktok.com/@slydeteriorator,"mas marami pa car nila kaysa sa brief ko
(para maiba naman)",2-9-2025,3,https://p16-sign-sg.tiktokcdn.com/tos-alisg-avt-0068/c5be85cf9b0eef0de6efb7124b343218~tplv-tiktokx-cropcenter:100:100.jpg?dr=14579&refresh_token=367135dc&x-expires=1758204000&x-signature=ZK1pM6b%2BaUAO62561N0W6QnX4JA%3D&t=4d5b0474&ps=13740610&shp=30310797&shcp=ff37627b&idc=my,No,---,0
48,Name,nameeeee512,https://www.tiktok.com/@nameeeee512,5 lang nga medyas ko magka ibapa ng kulayü•Äüò≠,2-9-2025,0,https://p16-sign-sg.tiktokcdn.com/tos-alisg-avt-0068/4d623a031e7b7d836a3352045e4d924f~tplv-tiktokx-cropcenter:100:100.jpg?dr=14579&refresh_token=024369bf&x-expires=1758204000&x-signature=zRjzM8hl0j%2B3ynzYhOPkkO%2BRSdg%3D&t=4d5b0474&ps=13740610&shp=30310797&shcp=ff37627b&idc=my,No,---,0
49,edelyn,edelyn7065,https://www.tiktok.com/@edelyn7065,naging 28 nalang..yung interview sa kanya ni julius 40 cars,1-9-2025,5,https://p16-sign-sg.tiktokcdn.com/tos-alisg-avt-0068/cf6a111565bf0e558fd85b9404ae6669~tplv-tiktokx-cropcenter:100:100.jpg?dr=14579&refresh_token=ed6d39d1&x-expires=1758204000&x-signature=RZXsmgqiGx6UbVNnQ2X4dxSC3tE%3D&t=4d5b0474&ps=13740610&shp=30310797&shcp=ff37627b&idc=my,No,---,0
50,EcelleüéÄ,bossmadam664,https://www.tiktok.com/@bossmadam664,Mas marami pa kotse nya kisa sa p*nty koüò´,3-9-2025,0,https://p16-sign-sg.tiktokcdn.com/tos-alisg-avt-0068/5957bc1c11c484a071a119050c1eb534~tplv-tiktokx-cropcenter:100:100.jpg?dr=14579&refresh_token=d957f79c&x-expires=1758204000&x-signature=bkrl60MaL2bu2Tb9jkiqpYtvyng%3D&t=4d5b0474&ps=13740610&shp=30310797&shcp=ff37627b&idc=my,No,---,0
51,Caregiver in England,violett.ph,https://www.tiktok.com/@violett.ph,üòÇüòÇüòÇ 28 pro s u interview nkraan 40,2-9-2025,0,https://p16-sign-sg.tiktokcdn.com/tos-alisg-avt-0068/ecf322dd1b7423380d43302cb5439a05~tplv-tiktokx-cropcenter:100:100.jpg?dr=14579&refresh_token=f9f02300&x-expires=1758204000&x-signature=0hRxlysocLFZGSztuHM9JfhklBY%3D&t=4d5b0474&ps=13740610&shp=30310797&shcp=ff37627b&idc=my,No,---,0
52,Jaja‚ãÜÀöÍ©ú.·êü,cinnamoroll.qt,https://www.tiktok.com/@cinnamoroll.qt,Tapos sa huli walang makukulong ü§¶üèª‚Äç‚ôÄÔ∏èü§¶üèª‚Äç‚ôÄÔ∏èü§¶üèª‚Äç‚ôÄÔ∏è,1-9-2025,5,https://p16-sign-sg.tiktokcdn.com/tos-alisg-avt-0068/f2ef21781fbe9c0f3accf51a01876899~tplv-tiktokx-cropcenter:100:100.jpg?dr=14579&refresh_token=218d9654&x-expires=1758204000&x-signature=pj%2BAtt00t1HJMpCAG9EmG%2FKia1M%3D&t=4d5b0474&ps=13740610&shp=30310797&shcp=ff37627b&idc=my,No,---,0
53,angela jarry,angelajarry1,https://www.tiktok.com/@angelajarry1,hindi sana mamatay sa baha yung kaibigan ko kinain pala ng buwaya yung budget ng flood control projects,2-9-2025,0,https://p16-sign-va.tiktokcdn.com/tos-maliva-avt-0068/4bb60d59e28cfe55cd1a8e5b643a384b~tplv-tiktokx-cropcenter:100:100.jpg?dr=14579&refresh_token=bfa7f83d&x-expires=1758204000&x-signature=wpyWA0CBHOrmEDd77KoZ3NHA6QE%3D&t=4d5b0474&ps=13740610&shp=30310797&shcp=ff37627b&idc=my,No,---,0
54,‡±®‡ßé,wavey_ssss,https://www.tiktok.com/@wavey_ssss,sinasabihan nila ako ng maganda tas mabango daw tas di nila alam dalawa lang bra ko BWHAHAHA,2-9-2025,0,https://p16-sign-sg.tiktokcdn.com/tos-alisg-avt-0068/0cd6bf6e9ee0c927f95c13390697a002~tplv-tiktokx-cropcenter:100:100.jpg?dr=14579&refresh_token=7d7c4e5a&x-expires=1758204000&x-signature=Bqfo8JxOu%2FZQWhmDjC9rZPffw08%3D&t=4d5b0474&ps=13740610&shp=30310797&shcp=ff37627b&idc=my,No,---,0
55,Seven Clock's,ventiktok.com5,https://www.tiktok.com/@ventiktok.com5,GINISA LNG??,2-9-2025,0,https://p16-sign-sg.tiktokcdn.com/tos-alisg-avt-0068/7323492322719563777~tplv-tiktokx-cropcenter:100:100.jpg?dr=14579&refresh_token=c5895842&x-expires=1758204000&x-signature=pipU%2BCDfzGxrfaJKZanszPVrxEc%3D&t=4d5b0474&ps=13740610&shp=30310797&shcp=ff37627b&idc=my,No,---,0
56,Kanashii,kr_unforgiven,https://www.tiktok.com/@kr_unforgiven,"walang makukulong sakanila
nasa pilipinas tayo eh ü•±",1-9-2025,8,https://p16-sign-va.tiktokcdn.com/tos-maliva-avt-0068/2f35c00a4fc8b110b63def84634dabd5~tplv-tiktokx-cropcenter:100:100.jpg?dr=14579&refresh_token=0a31b13b&x-expires=1758204000&x-signature=gU5hr%2FojiyiQAwCitBKAaz%2Fr7ic%3D&t=4d5b0474&ps=13740610&shp=30310797&shcp=ff37627b&idc=my,No,---,0
57,coca_colet,bggjgjggjbojubbie,https://www.tiktok.com/@bggjgjggjbojubbie,ginisa lang? walang kulong?üòÇüòÇüòÇüòÇüòÇüòÇ,2-9-2025,0,https://p16-sign-sg.tiktokcdn.com/tos-alisg-avt-0068/43d9eed6fdac915d8cba86b4ed917788~tplv-tiktokx-cropcenter:100:100.jpg?dr=14579&refresh_token=e53d540d&x-expires=1758204000&x-signature=Qy15aBh2jVGqrZTCcuKmP65viIQ%3D&t=4d5b0474&ps=13740610&shp=30310797&shcp=ff37627b&idc=my,No,---,0
58,boyan 2.o,boyan2editz,https://www.tiktok.com/@boyan2editz,"tittle: flood control
movie: sasakyanü§£",2-9-2025,5,https://p16-sign-sg.tiktokcdn.com/tos-alisg-avt-0068/12fa3683c01215d8a7c50fcc8f11ed4f~tplv-tiktokx-cropcenter:100:100.jpg?dr=14579&refresh_token=de03f2d2&x-expires=1758204000&x-signature=frDTBEb9TT22EaOfzogWrPP6BZU%3D&t=4d5b0474&ps=13740610&shp=30310797&shcp=ff37627b&idc=my,No,---,0
59,marxces,marxces8,https://www.tiktok.com/@marxces8,DPWH is the key to riches,2-9-2025,0,https://p16-sign-va.tiktokcdn.com/musically-maliva-obj/1594805258216454~tplv-tiktokx-cropcenter:100:100.jpg?dr=14579&refresh_token=8575d5e5&x-expires=1758204000&x-signature=CdHeod09BUbnWEtVeQNp96eGGxI%3D&t=4d5b0474&ps=13740610&shp=30310797&shcp=ff37627b&idc=my,No,---,0
60,Momy Unty lulo,mommylula2,https://www.tiktok.com/@mommylula2,hooo grabi 28 na. mamahalin car pa nakakalula Ang yaman ni madam.,2-9-2025,0,https://p16-sign-va.tiktokcdn.com/tos-maliva-avt-0068/68cb46897a0c938f4013c13e7438e327~tplv-tiktokx-cropcenter:100:100.jpg?dr=14579&refresh_token=b4c92e4e&x-expires=1758204000&x-signature=fS5Je4GMm6ISik%2B4hJbyBnjsf%2FU%3D&t=4d5b0474&ps=13740610&shp=30310797&shcp=ff37627b&idc=my,No,---,0
61,Jhames Lloyd Tolentino,jhames.lloyd.tole,https://www.tiktok.com/@jhames.lloyd.tole,si secretary bonoan at ung mga conggresista ang dapat imbestigahan hnd lng sila,1-9-2025,6,https://p16-sign-sg.tiktokcdn.com/tos-alisg-avt-0068/e75c81692752531a35163fbf0d155659~tplv-tiktokx-cropcenter:100:100.jpg?dr=14579&refresh_token=4e35ae63&x-expires=1758204000&x-signature=orxS0NHCL%2B8zDZeIFrSer0TSRTM%3D&t=4d5b0474&ps=13740610&shp=30310797&shcp=ff37627b&idc=my,No,---,0
62,ceejaysalanguste,ceejaysalanguste,https://www.tiktok.com/@ceejaysalanguste,bat po hindi inuna yung bawang?,1-9-2025,6,https://p16-sign-sg.tiktokcdn.com/tos-alisg-avt-0068/f0d7519708c4be07866d7c4b42f99197~tplv-tiktokx-cropcenter:100:100.jpg?dr=14579&refresh_token=1a21fb95&x-expires=1758204000&x-signature=kvIq%2FPZ3GJBEIA7OCDq5jhYGX5A%3D&t=4d5b0474&ps=13740610&shp=30310797&shcp=ff37627b&idc=my,No,---,0
63,Mohana,mohanatan,https://www.tiktok.com/@mohanatan,Mas Maraming Luxury Car Si Sarah Kaya Ayaw Papatinag Ni Estrada üòÖ,2-9-2025,3,https://p16-sign-va.tiktokcdn.com/tos-maliva-avt-0068/a0cf4dffaf422ea1a5647b6f0eb1a68a~tplv-tiktokx-cropcenter:100:100.jpg?dr=14579&refresh_token=0a974db1&x-expires=1758204000&x-signature=tHRX2eZX38xyN%2FNRyjO1vdjzFNA%3D&t=4d5b0474&ps=13740610&shp=30310797&shcp=ff37627b&idc=my,No,---,0
64,Andrea,andrea8676543,https://www.tiktok.com/@andrea8676543,tuwang tuwa pa,1-9-2025,8,https://p16-sign-sg.tiktokcdn.com/tos-alisg-avt-0068/505387e815ba71e1c052ae08d5e558b8~tplv-tiktokx-cropcenter:100:100.jpg?dr=14579&refresh_token=53961df9&x-expires=1758204000&x-signature=jExHCH00QOVqvSbApptLI1J5fKk%3D&t=4d5b0474&ps=13740610&shp=30310797&shcp=ff37627b&idc=my,No,---,0
65,Dennis Bermejo,user6131475671051,https://www.tiktok.com/@user6131475671051,ghost cars na pala Yun nawala bigla,2-9-2025,0,https://p16-sign-va.tiktokcdn.com/tos-maliva-avt-0068/3a5afece655ef849984fb4e0cba16833~tplv-tiktokx-cropcenter:100:100.jpg?dr=14579&refresh_token=64909fb5&x-expires=1758204000&x-signature=3TftBBNksuNHZ3y0qi9PNl600ls%3D&t=4d5b0474&ps=13740610&shp=30310797&shcp=ff37627b&idc=my,No,---,0
66,marlboroblack,marlboroblack582,https://www.tiktok.com/@marlboroblack582,senador paba si robin? parang diko maramdaman eh,2-9-2025,0,https://p16-sign-sg.tiktokcdn.com/tos-alisg-avt-0068/1c8893f7582a80d9bb0ea57c8b3a38c7~tplv-tiktokx-cropcenter:100:100.jpg?dr=14579&refresh_token=4c1731b4&x-expires=1758204000&x-signature=3%2F%2FNYPPQyp9NyEl7EzLN4rRd4sE%3D&t=4d5b0474&ps=13740610&shp=30310797&shcp=ff37627b&idc=my,No,---,0
67,gwapa thingz only,justpretty768,https://www.tiktok.com/@justpretty768,yun na yun,1-9-2025,5,https://p16-sign-sg.tiktokcdn.com/tos-alisg-avt-0068/bf846db8e8404a73fdec4080e65fdc2a~tplv-tiktokx-cropcenter:100:100.jpg?dr=14579&refresh_token=a9480238&x-expires=1758204000&x-signature=ci64UPTBQdyWqnSr0rk%2BcTao9TM%3D&t=4d5b0474&ps=13740610&shp=30310797&shcp=ff37627b&idc=my,No,---,0
68,mmmm,131373627asd,https://www.tiktok.com/@131373627asd,"kaysa puro luxury item ng mga contractor ang tinatanong nila, bakit di painvistigahan ang income ng mga Yan and then compute nila Yung all items or ariarian, then sabay question.",2-9-2025,0,https://p16-sign-va.tiktokcdn.com/tos-maliva-avt-0068/9eb8280c1d1ce721de7ff6b5f6e13376~tplv-tiktokx-cropcenter:100:100.jpg?dr=14579&refresh_token=ed93ed5c&x-expires=1758204000&x-signature=b10UXTgxMd5vQXoXebBryl5KkDA%3D&t=4d5b0474&ps=13740610&shp=30310797&shcp=ff37627b&idc=my,No,---,0
69,JennyRose8,jennyrosemondrano,https://www.tiktok.com/@jennyrosemondrano,sa interview 40 pag dating sa Senado 28 nalang asan ang iba ü§£ü§£,1-9-2025,4,https://p16-sign-sg.tiktokcdn.com/tos-alisg-avt-0068/4753fe9a89f55266d4a3d80467fa823a~tplv-tiktokx-cropcenter:100:100.jpg?dr=14579&refresh_token=8d7a6add&x-expires=1758204000&x-signature=xrIK%2BaK9IyjXOYVwZceS01f81yw%3D&t=4d5b0474&ps=13740610&shp=30310797&shcp=ff37627b&idc=my,No,---,0
70,_itsmeginnn on IG,_itsmeginnn,https://www.tiktok.com/@_itsmeginnn,Sasakyan ko rin yan eh,1-9-2025,6,https://p16-sign-sg.tiktokcdn.com/tos-alisg-avt-0068/6bc054bcd1f76d784c15f30c579575f2~tplv-tiktokx-cropcenter:100:100.jpg?dr=14579&refresh_token=1af89456&x-expires=1758204000&x-signature=10Qd3w3Xur7vL0zReXnXA88XSPU%3D&t=4d5b0474&ps=13740610&shp=30310797&shcp=ff37627b&idc=my,No,---,0
71,mommy lynn ni eiselle,lynvizconde,https://www.tiktok.com/@lynvizconde,oh bkit 28 nlng 40+ un ah anu tinago n üòÜ,2-9-2025,0,https://p9-sign-sg.tiktokcdn.com/tos-alisg-avt-0068/472e066fe833fefff8f4393e4eb24904~tplv-tiktokx-cropcenter:100:100.jpg?dr=14579&refresh_token=79a4c6af&x-expires=1758204000&x-signature=MMqUIh1PchXQCJjkAKfjB2J0ybg%3D&t=4d5b0474&ps=13740610&shp=30310797&shcp=ff37627b&idc=my,No,---,0
72,urü´∂,sh.lyn2,https://www.tiktok.com/@sh.lyn2,ang tawag dyan deskarte,2-9-2025,2,https://p16-sign-sg.tiktokcdn.com/tos-alisg-avt-0068/c22a696cb9f2ae3b1ccfbefae50d9718~tplv-tiktokx-cropcenter:100:100.jpg?dr=14579&refresh_token=251aa116&x-expires=1758204000&x-signature=ctKsU%2Fc2zHY7DkkT5%2FJBhHopm78%3D&t=4d5b0474&ps=13740610&shp=30310797&shcp=ff37627b&idc=my,No,---,0
73,Listern_Yano_Alaga,teacherlistern,https://www.tiktok.com/@teacherlistern,bakit wala po si Zaldy Co?,2-9-2025,2,https://p16-sign-sg.tiktokcdn.com/tos-alisg-avt-0068/c5c04ab757c4a4c8644243d073414cd7~tplv-tiktokx-cropcenter:100:100.jpg?dr=14579&refresh_token=e0082856&x-expires=1758204000&x-signature=wLbYf%2FkDbWcBfzWg0Baisu%2BfzSw%3D&t=4d5b0474&ps=13740610&shp=30310797&shcp=ff37627b&idc=my,No,---,0
74,LYJHUN123,lyjhun123,https://www.tiktok.com/@lyjhun123,ANG TANONG MAY MAKUKULONG BA MALIBAN SA CITE IN CONTMEPT ?,2-9-2025,2,https://p19-common-sign-useastred.tiktokcdn-eu.com/tos-useast2a-avt-0068-euttp/15a523dc2b0221b9ea505960fc9d4fa4~tplv-tiktokx-cropcenter:100:100.jpg?dr=14579&refresh_token=06a3a7f1&x-expires=1758204000&x-signature=NpISmnzQmMC5jwzVfgHhPA0V4Ng%3D&t=4d5b0474&ps=13740610&shp=30310797&shcp=ff37627b&idc=my,No,---,0
75,Emilda Escototo,emildaescototo,https://www.tiktok.com/@emildaescototo,hahas,2-9-2025,0,https://p16-sign-sg.tiktokcdn.com/tos-alisg-avt-0068/a7a768a1ffa049e3cece036248a4d467~tplv-tiktokx-cropcenter:100:100.jpg?dr=14579&refresh_token=f1f5bf39&x-expires=1758204000&x-signature=WZ64n%2Fl4UJJcFrKksw6HArZkGpc%3D&t=4d5b0474&ps=13740610&shp=30310797&shcp=ff37627b&idc=my,No,---,0
76,iam_z.sie,iam_z.sie,https://www.tiktok.com/@iam_z.sie,"What we see in Philippine politics isn‚Äôt governance, it‚Äôs a family drama disguised as a circus.",2-9-2025,2,https://p16-sign-sg.tiktokcdn.com/tos-alisg-avt-0068/9b487e9e334bcebe4b05a0197034b4c1~tplv-tiktokx-cropcenter:100:100.jpg?dr=14579&refresh_token=a08c1805&x-expires=1758204000&x-signature=j%2F43O%2BzWarsw2i8WYsFFwyMm0%2Bg%3D&t=4d5b0474&ps=13740610&shp=30310797&shcp=ff37627b&idc=my,No,---,0
77,DenJhe | RECOS üõíüõçÔ∏è,jjlllyynn,https://www.tiktok.com/@jjlllyynn,"waiting po kami sa hearing about the sierra madre, sana yan na ang sunod.",2-9-2025,0,https://p16-sign-sg.tiktokcdn.com/tos-alisg-avt-0068/a4f400504704f0d5f50a626827aa8f2b~tplv-tiktokx-cropcenter:100:100.jpg?dr=14579&refresh_token=9fd751dd&x-expires=1758204000&x-signature=Xoh11Kj5m%2BgeRPAbzLRLOGeaHkU%3D&t=4d5b0474&ps=13740610&shp=30310797&shcp=ff37627b&idc=my,No,---,0
78,joffrie love #14‚ù§‚ù§‚ù§,joffriebaylonsidl,https://www.tiktok.com/@joffriebaylonsidl,kaya pala 350 lng pasahod,2-9-2025,0,https://p16-sign-sg.tiktokcdn.com/tos-alisg-avt-0068/d5de82c0fb0b4a11677466848dcc7a5f~tplv-tiktokx-cropcenter:100:100.jpg?dr=14579&refresh_token=1bead64c&x-expires=1758204000&x-signature=kN6jE4nFOhG5HZUG9kYkEpm6xOo%3D&t=4d5b0474&ps=13740610&shp=30310797&shcp=ff37627b&idc=my,No,---,0
79,üòã,yummydeelicous,https://www.tiktok.com/@yummydeelicous,Make them sell those cars to serve us,2-9-2025,5,https://p16-sign-sg.tiktokcdn.com/tos-alisg-avt-0068/0ff3aeef52f653969fb661432e30a257~tplv-tiktokx-cropcenter:100:100.jpg?dr=14579&refresh_token=9ca6092b&x-expires=1758204000&x-signature=i1QJoHcnSGv3pvsPEWYspUbVdkI%3D&t=4d5b0474&ps=13740610&shp=30310797&shcp=ff37627b&idc=my,No,---,0
80,MJ MJ,mjmj9_6,https://www.tiktok.com/@mjmj9_6,no to corruption,2-9-2025,0,https://p16-sign-sg.tiktokcdn.com/tos-alisg-avt-0068/f121837c170013f13d497ac03be09508~tplv-tiktokx-cropcenter:100:100.jpg?dr=14579&refresh_token=c761fa5a&x-expires=1758204000&x-signature=SnmMYZubNgpVEJbJPGsU0ExcUgE%3D&t=4d5b0474&ps=13740610&shp=30310797&shcp=ff37627b&idc=my,No,---,0
81,ivy,ivy83191,https://www.tiktok.com/@ivy83191,first!,1-9-2025,8,https://p16-sign-sg.tiktokcdn.com/tos-alisg-avt-0068/f40189cbbb1e9472486110749e17cc4b~tplv-tiktokx-cropcenter:100:100.jpg?dr=14579&refresh_token=72ef8155&x-expires=1758204000&x-signature=SMRh%2F9cIU%2FzGIx5XqpzzfIO6zWM%3D&t=4d5b0474&ps=13740610&shp=30310797&shcp=ff37627b&idc=my,No,---,0
82,ttk_edits üëæ,ttkedsvid,https://www.tiktok.com/@ttkedsvid,"wala rin magagawa ‚Äòyan, kahit pa ilang beses nila sabonin kung wala rin naman gagawin mga senators...",1-9-2025,4,https://p16-sign-sg.tiktokcdn.com/tos-alisg-avt-0068/c40531f80d174b9c19a7b5f4578bc3fb~tplv-tiktokx-cropcenter:100:100.jpg?dr=14579&refresh_token=c7089a10&x-expires=1758204000&x-signature=z7CySViGxIygNj1%2FHbEtoz1H9YE%3D&t=4d5b0474&ps=13740610&shp=30310797&shcp=ff37627b&idc=my,No,---,0
83,Marlyn Gonzales,marlyngonzales8,https://www.tiktok.com/@marlyngonzales8,28 lng sa mantalng pg eterviw ni Julio's babao 40 ang car nya,2-9-2025,0,https://p16-sign-va.tiktokcdn.com/tos-maliva-avt-0068/00c97ce2c335ff739e053644f7a1b810~tplv-tiktokx-cropcenter:100:100.jpg?dr=14579&refresh_token=9ad9836c&x-expires=1758204000&x-signature=j%2Fcf2KN9c14ms0G8WV3x7B2Aibg%3D&t=4d5b0474&ps=13740610&shp=30310797&shcp=ff37627b&idc=my,No,---,0
84,jefordmahasol948,jefordmahasol3,https://www.tiktok.com/@jefordmahasol3,bkit nagtawanan slaüòÇ,2-9-2025,2,https://p16-sign-sg.tiktokcdn.com/tos-alisg-avt-0068/b6ef47f4fb97df1afc3c5116e1f6401b~tplv-tiktokx-cropcenter:100:100.jpg?dr=14579&refresh_token=906ac53f&x-expires=1758204000&x-signature=0YrgX9ZBdQRyPaPjfaqHKzoPjsI%3D&t=4d5b0474&ps=13740610&shp=30310797&shcp=ff37627b&idc=my,No,---,0
85,Federico Catacutan,federico.catacuta,https://www.tiktok.com/@federico.catacuta,natatawa pa!,1-9-2025,5,https://p16-sign-va.tiktokcdn.com/tos-maliva-avt-0068/7334316371729186821~tplv-tiktokx-cropcenter:100:100.jpg?dr=14579&refresh_token=772ae647&x-expires=1758204000&x-signature=%2BzvjPMtNYZP2Eb%2FfzIjEDuQHdG8%3D&t=4d5b0474&ps=13740610&shp=30310797&shcp=ff37627b&idc=my,No,---,0
86,„Éü‚òÖ ùòôùòàùòäùòèùòåùòìùòìùòåùòçùò† ‚òÖÂΩ°,realshinatics,https://www.tiktok.com/@realshinatics,"grabe, from rob to riches",2-9-2025,0,https://p16-sign-sg.tiktokcdn.com/tos-alisg-avt-0068/49fe377c6c2aa665a99fd38205031bd2~tplv-tiktokx-cropcenter:100:100.jpg?dr=14579&refresh_token=57b95905&x-expires=1758204000&x-signature=TCFkvI%2BAfsKwzn0n26uklkt37vs%3D&t=4d5b0474&ps=13740610&shp=30310797&shcp=ff37627b&idc=my,No,---,0
87,Jediiiiii,itchyboyjelo,https://www.tiktok.com/@itchyboyjelo,hey,1-9-2025,5,https://p16-sign-sg.tiktokcdn.com/tos-alisg-avt-0068/9af0e04fbe7e59a96c36e69c5aea1ae6~tplv-tiktokx-cropcenter:100:100.jpg?dr=14579&refresh_token=8bfcbc89&x-expires=1758204000&x-signature=EZdwAToQsPsyAW8gIDrHgzhhSmM%3D&t=4d5b0474&ps=13740610&shp=30310797&shcp=ff37627b&idc=my,No,---,0
88,Macky,macky21121,https://www.tiktok.com/@macky21121,tinalo pa c Henry sy at Pacquiao..,2-9-2025,0,https://p16-sign-sg.tiktokcdn.com/tos-alisg-avt-0068/add00b5ad1d5d6b36d80ffb54f2af774~tplv-tiktokx-cropcenter:100:100.jpg?dr=14579&refresh_token=307534df&x-expires=1758204000&x-signature=8FTjNx2zORq6K01tU2JiXui88N0%3D&t=4d5b0474&ps=13740610&shp=30310797&shcp=ff37627b&idc=my,No,---,0
89,saiso viadnes,bhadhe2,https://www.tiktok.com/@bhadhe2,üòÖüòÖüòÖaray ko,2-9-2025,0,https://p16-sign-va.tiktokcdn.com/tos-maliva-avt-0068/7374023607922556933~tplv-tiktokx-cropcenter:100:100.jpg?dr=14579&refresh_token=eab0025c&x-expires=1758204000&x-signature=nAyCxJQ2m6o2F8vMCyftO0cuPLM%3D&t=4d5b0474&ps=13740610&shp=30310797&shcp=ff37627b&idc=my,No,---,0
90,Mars,mars2674,https://www.tiktok.com/@mars2674,masipag lang Sila ü§£,2-9-2025,2,https://p16-sign-sg.tiktokcdn.com/tos-alisg-avt-0068/69cce95e3d2ee8faf64b7d316dbf6643~tplv-tiktokx-cropcenter:100:100.jpg?dr=14579&refresh_token=20b5e7db&x-expires=1758204000&x-signature=5LcyPisCotq9wBaTNqitsFJPXuE%3D&t=4d5b0474&ps=13740610&shp=30310797&shcp=ff37627b&idc=my,No,---,0
91,Princess,princesceyy,https://www.tiktok.com/@princesceyy,40 yun bat naging 28?,4-9-2025,0,https://p16-sign-sg.tiktokcdn.com/tos-alisg-avt-0068/dbe62cb8310ba00a3cdbe51ffc70a515~tplv-tiktokx-cropcenter:100:100.jpg?dr=14579&refresh_token=03dea976&x-expires=1758204000&x-signature=q6fLHUK6ar1VwK0xPGKywoFMS94%3D&t=4d5b0474&ps=13740610&shp=30310797&shcp=ff37627b&idc=my,No,---,0
92,Prince Fits,princefitss,https://www.tiktok.com/@princefitss,second,1-9-2025,5,https://p16-sign-sg.tiktokcdn.com/tos-alisg-avt-0068/76557c98bba61e13d3c8e334ff9c17e7~tplv-tiktokx-cropcenter:100:100.jpg?dr=14579&refresh_token=fe3c0f4e&x-expires=1758204000&x-signature=GQXv54upT5Yj1i0tBj3aWU5Ijls%3D&t=4d5b0474&ps=13740610&shp=30310797&shcp=ff37627b&idc=my,No,---,0
93,Kuri,cielo.5456,https://www.tiktok.com/@cielo.5456,tapos hindi makukulong,2-9-2025,1,https://p16-sign-sg.tiktokcdn.com/tos-alisg-avt-0068/a208b41a78d4b3bfce241dcd784fbe1e~tplv-tiktokx-cropcenter:100:100.jpg?dr=14579&refresh_token=dfccd8eb&x-expires=1758204000&x-signature=ArIxdASAcV57q0oyaU%2Bt3rTHSAE%3D&t=4d5b0474&ps=13740610&shp=30310797&shcp=ff37627b&idc=my,No,---,0
94,raul,kennethaquino220,https://www.tiktok.com/@kennethaquino220,hiring pba dpwh,1-9-2025,4,https://p19-common-sign-useastred.tiktokcdn-eu.com/tos-useast2a-avt-0068-giso/1edadb112177533109cfc7d910cf9637~tplv-tiktokx-cropcenter:100:100.jpg?dr=14579&refresh_token=ee4ae47b&x-expires=1758204000&x-signature=iCHf3ARIluul5%2FBTZIQUXjHuYwI%3D&t=4d5b0474&ps=13740610&shp=30310797&shcp=ff37627b&idc=my,No,---,0
95,ASAP√óAshley,ashley.mae.santos3,https://www.tiktok.com/@ashley.mae.santos3,ginisaüî•,1-9-2025,4,https://p16-sign-sg.tiktokcdn.com/tos-alisg-avt-0068/13946d096ef72c6af2d74c39aff57471~tplv-tiktokx-cropcenter:100:100.jpg?dr=14579&refresh_token=4e304905&x-expires=1758204000&x-signature=vv9QjIgkkaatD97xEc55T7TRTdc%3D&t=4d5b0474&ps=13740610&shp=30310797&shcp=ff37627b&idc=my,No,---,0
96,#plantslover,jesus02194,https://www.tiktok.com/@jesus02194,2012 paüò≥üò≥üò≥??? ung tax q bilang ofw sa kanya napuntaüòÖüòÖüòÖ,2-9-2025,2,https://p16-sign-sg.tiktokcdn.com/tos-alisg-avt-0068/bfbdd279510c3df0a5049ce67af0dc15~tplv-tiktokx-cropcenter:100:100.jpg?dr=14579&refresh_token=e3a9bddf&x-expires=1758204000&x-signature=%2B%2FoH%2F1WXpMW%2Fig1iVUz1rYoPXq0%3D&t=4d5b0474&ps=13740610&shp=30310797&shcp=ff37627b&idc=my,No,---,0
97,rhanie_par.#9,rhaniepar1,https://www.tiktok.com/@rhaniepar1,pagkatapos ano mangyayari mga idol ü§£ü§£ü§£ü§£ü§£ü§£ü§£,1-9-2025,5,https://p16-sign-va.tiktokcdn.com/tos-maliva-avt-0068/a5949b046627f7391d1964ba1bc99c9c~tplv-tiktokx-cropcenter:100:100.jpg?dr=14579&refresh_token=2fa42057&x-expires=1758204000&x-signature=VbDzgk6pswbrRfW7AgA336xOkrc%3D&t=4d5b0474&ps=13740610&shp=30310797&shcp=ff37627b&idc=my,No,---,0
98,jllorenzo49,jllorenzo49,https://www.tiktok.com/@jllorenzo49,grave ka madam,1-9-2025,4,https://p16-sign-va.tiktokcdn.com/tos-maliva-avt-0068/7325768339133857797~tplv-tiktokx-cropcenter:100:100.jpg?dr=14579&refresh_token=e40c39e6&x-expires=1758204000&x-signature=7C51DbMGYnLAgT1cVU32HneGh9w%3D&t=4d5b0474&ps=13740610&shp=30310797&shcp=ff37627b&idc=my,No,---,0
99,ROMEO ROSAL,romeo.rosal0,https://www.tiktok.com/@romeo.rosal0,dapat imbestigahan jan kasama mga congressman para magharap harap cla at mag turuan sila.,1-9-2025,4,https://p16-sign-va.tiktokcdn.com/tos-maliva-avt-0068/7271975910662733830~tplv-tiktokx-cropcenter:100:100.jpg?dr=14579&refresh_token=9930b293&x-expires=1758204000&x-signature=lj7qw7sA28GrvcSU42DxNR%2BF7us%3D&t=4d5b0474&ps=13740610&shp=30310797&shcp=ff37627b&idc=my,No,---,0
100,chanzy0131,chanzy0131,https://www.tiktok.com/@chanzy0131,grave,1-9-2025,3,https://p16-sign-sg.tiktokcdn.com/tos-alisg-avt-0068/6854c99be3b354f557bd27f28ecc06e7~tplv-tiktokx-cropcenter:100:100.jpg?dr=14579&refresh_token=b3dcbeb8&x-expires=1758204000&x-signature=cp6iSJGX95HZ3WspXDtF7zl4HZY%3D&t=4d5b0474&ps=13740610&shp=30310797&shcp=ff37627b&idc=my,No,---,0
101,MAYORA,princesseranista,https://www.tiktok.com/@princesseranista,A,2-9-2025,1,https://p16-sign-sg.tiktokcdn.com/tos-alisg-avt-0068/3187c9615bebbcd9637060a41cee044d~tplv-tiktokx-cropcenter:100:100.jpg?dr=14579&refresh_token=3292c55a&x-expires=1758204000&x-signature=ADqdzov0VfvrX6ts%2FowAu7YEcow%3D&t=4d5b0474&ps=13740610&shp=30310797&shcp=ff37627b&idc=my,No,---,0
102,wennie,iloveperlat3,https://www.tiktok.com/@iloveperlat3,second,1-9-2025,5,https://p16-sign-sg.tiktokcdn.com/tos-alisg-avt-0068/936087e61ca0fdc11745d34060418d0f~tplv-tiktokx-cropcenter:100:100.jpg?dr=14579&refresh_token=c8880f36&x-expires=1758204000&x-signature=tq%2B3eajoQIqJIOP8BETodRhynxE%3D&t=4d5b0474&ps=13740610&shp=30310797&shcp=ff37627b&idc=my,No,---,0
103,_qb,_kiiyuwbii,https://www.tiktok.com/@_kiiyuwbii,"To all those entangled in the web of siphoning funds from the ""Flood Control"" Projects: you may think you can elude the grip of justice, dodging the consequences of your actions, especially from those who have endured and continue to endure the relentless onslaught of devastating floods.
You might attempt to cleanse your reputations with every resource at your disposal, twisting the narrative and asserting your innocence time and again. But deep down, you know the truth of your deeds. Even as you bask in a life of abundance, your own conscience will be a relentless companion, robbing you of peace in ways you absolutely deserve. And remember, you can never truly escape the all-seeing gaze of the Divine!
üôèüôèüôèüôè",2-9-2025,3,https://p16-sign-sg.tiktokcdn.com/tos-alisg-avt-0068/7de96278a640e9d883df3436f1d536f6~tplv-tiktokx-cropcenter:100:100.jpg?dr=14579&refresh_token=6cf64d5a&x-expires=1758204000&x-signature=KKCooXb37XQimTt%2BbXl%2FHPRyZEU%3D&t=4d5b0474&ps=13740610&shp=30310797&shcp=ff37627b&idc=my,No,---,2
104,üòã MHAY TIAOüß°,mhay..23,https://www.tiktok.com/@mhay..23,yes really true,2-9-2025,0,https://p19-common-sign-useastred.tiktokcdn-eu.com/tos-useast2a-avt-0068-euttp/f06731387eee98d436c5dd6361ff381f~tplv-tiktokx-cropcenter:100:100.jpg?dr=14579&refresh_token=a62e94be&x-expires=1758204000&x-signature=1Op%2BBxnB5utKdIZecMfe0DHaiqM%3D&t=4d5b0474&ps=13740610&shp=30310797&shcp=ff37627b&idc=my,Yes,_qb,0
105,Lyca,lycsjanine,https://www.tiktok.com/@lycsjanine,"Yes, God is loving but also just",2-9-2025,0,https://p16-sign-va.tiktokcdn.com/tos-maliva-avt-0068/7362601502173184006~tplv-tiktokx-cropcenter:100:100.jpg?dr=14579&refresh_token=238160a4&x-expires=1758204000&x-signature=A%2FDnHBrB6t9TheQ0CAzX5e3fMsY%3D&t=4d5b0474&ps=13740610&shp=30310797&shcp=ff37627b&idc=my,Yes,_qb,0
106,Khalid tol,khalid.tol,https://www.tiktok.com/@khalid.tol,"kwek kwek memorize niya 40 cars, nakalimutan Yong flood control.",1-9-2025,1,https://p16-sign-sg.tiktokcdn.com/tos-alisg-avt-0068/00f05c8687e8d3b8e44690d68fa5cc13~tplv-tiktokx-cropcenter:100:100.jpg?dr=14579&refresh_token=d76415a5&x-expires=1758204000&x-signature=EAd2yUHy5Su9SQ0OYDJtIyZMgjU%3D&t=4d5b0474&ps=13740610&shp=30310797&shcp=ff37627b&idc=my,No,---,0
107,Ôº∫Ôº°ÔºÆÔº•„Éª„ÅìDM,zanecodm12308,https://www.tiktok.com/@zanecodm12308,"""ginisa"" damn",1-9-2025,7,https://p16-sign-sg.tiktokcdn.com/tos-alisg-avt-0068/6b7c5c988f38e8ac15d12c9be26900a5~tplv-tiktokx-cropcenter:100:100.jpg?dr=14579&refresh_token=73d82ad1&x-expires=1758204000&x-signature=qMUYeNCJAT1dgOuhpWCALoIXIPc%3D&t=4d5b0474&ps=13740610&shp=30310797&shcp=ff37627b&idc=my,No,---,0
108,gelo alontete,urnanay_12345,https://www.tiktok.com/@urnanay_12345,üò≠,1-9-2025,5,https://p16-sign-sg.tiktokcdn.com/tos-alisg-avt-0068/ba457f61df3ec87046d644d111ab4523~tplv-tiktokx-cropcenter:100:100.jpg?dr=14579&refresh_token=864cd76c&x-expires=1758204000&x-signature=VhuldKv3mK2p6mijVFmCfvLbNwM%3D&t=4d5b0474&ps=13740610&shp=30310797&shcp=ff37627b&idc=my,No,---,0
109,ihatebeingawkward,ihatebeingawkward,https://www.tiktok.com/@ihatebeingawkward,,1-9-2025,3,https://p16-sign-sg.tiktokcdn.com/tos-alisg-avt-0068/6987a4a9f36c860df7b349eb9210e7db~tplv-tiktokx-cropcenter:100:100.jpg?dr=14579&refresh_token=cb8c3cfe&x-expires=1758204000&x-signature=EeHEjtf6lxrEuzMKBtfpuMpqFnc%3D&t=4d5b0474&ps=13740610&shp=30310797&shcp=ff37627b&idc=my,No,---,1
110,Scrf4ce,wheresthemau5,https://www.tiktok.com/@wheresthemau5,anong connect sa picture nato??,1-9-2025,0,https://p16-sign-sg.tiktokcdn.com/tos-alisg-avt-0068/96aa73d41da89b60e8a4302a68158ed6~tplv-tiktokx-cropcenter:100:100.jpg?dr=14579&refresh_token=55908252&x-expires=1758204000&x-signature=vhuWDavn%2BS3D5KUnKTw41FPNfvQ%3D&t=4d5b0474&ps=13740610&shp=30310797&shcp=ff37627b&idc=my,Yes,ihatebeingawkward,0
111,Yan Yan,dannyimam,https://www.tiktok.com/@dannyimam,ginisa lang.. walang makukulong,1-9-2025,4,https://p16-sign-sg.tiktokcdn.com/tos-alisg-avt-0068/afec1a4a14c9e4ce42bfb7d0a2bddd28~tplv-tiktokx-cropcenter:100:100.jpg?dr=14579&refresh_token=00871281&x-expires=1758204000&x-signature=2nuns9dSJc3d4aQSMJh%2BCotXfFo%3D&t=4d5b0474&ps=13740610&shp=30310797&shcp=ff37627b&idc=my,No,---,0
112,lenardcarlos417,lenardcarlos417,https://www.tiktok.com/@lenardcarlos417,BUSTED üòâ,2-9-2025,3,https://p16-sign-va.tiktokcdn.com/tos-maliva-avt-0068/7348488052890681390~tplv-tiktokx-cropcenter:100:100.jpg?dr=14579&refresh_token=e9c05716&x-expires=1758204000&x-signature=PvWnZLXxV5xqIa8hQaBCBngdLx0%3D&t=4d5b0474&ps=13740610&shp=30310797&shcp=ff37627b&idc=my,No,---,0
113,R,riella.nam,https://www.tiktok.com/@riella.nam,28 cars? marami pa luxury car nya kaysa sa bra ko e,1-9-2025,3,https://p16-sign-sg.tiktokcdn.com/tos-alisg-avt-0068/4a18bbaf729fda45f6b4d5e9db5a1f46~tplv-tiktokx-cropcenter:100:100.jpg?dr=14579&refresh_token=71cd4e60&x-expires=1758204000&x-signature=zpH8GQzvPgAHkB85ynAKV%2Fhb59E%3D&t=4d5b0474&ps=13740610&shp=30310797&shcp=ff37627b&idc=my,No,---,0
114,Lyl,lyl.921,https://www.tiktok.com/@lyl.921,Congtractor,1-9-2025,2,https://p16-sign-va.tiktokcdn.com/musically-maliva-obj/1594805258216454~tplv-tiktokx-cropcenter:100:100.jpg?dr=14579&refresh_token=8575d5e5&x-expires=1758204000&x-signature=CdHeod09BUbnWEtVeQNp96eGGxI%3D&t=4d5b0474&ps=13740610&shp=30310797&shcp=ff37627b&idc=my,No,---,0
115,thinktalk_587,thinktalk_587,https://www.tiktok.com/@thinktalk_587,üò≥ Yung payong ko galing banks giveaway. just saying..üòè,1-9-2025,2,https://p16-sign-sg.tiktokcdn.com/tos-alisg-avt-0068/40cf71fc8a88f5316ab6fe9688e99365~tplv-tiktokx-cropcenter:100:100.jpg?dr=14579&refresh_token=b004c7e9&x-expires=1758204000&x-signature=Ph43bwwoS%2FsaPHNwpgiZaHucqZo%3D&t=4d5b0474&ps=13740610&shp=30310797&shcp=ff37627b&idc=my,No,---,0
116,SARA,sara01bb,https://www.tiktok.com/@sara01bb,Nawala ang British accent,1-9-2025,1,https://p16-sign-sg.tiktokcdn.com/tos-alisg-avt-0068/35ecf79a723ca12e12e057b989341655~tplv-tiktokx-cropcenter:100:100.jpg?dr=14579&refresh_token=c4a7e080&x-expires=1758204000&x-signature=S7orTqHrBGDlcRfy1tuKXim3pmQ%3D&t=4d5b0474&ps=13740610&shp=30310797&shcp=ff37627b&idc=my,No,---,0
117,triple r bakery,lannibriciaoblefi,https://www.tiktok.com/@lannibriciaoblefi,nbwasan na ..,1-9-2025,1,https://p16-sign-va.tiktokcdn.com/tos-maliva-avt-0068/c98c3133ab01eb1a3fcf0f7c2cd0bf31~tplv-tiktokx-cropcenter:100:100.jpg?dr=14579&refresh_token=ce1f69c2&x-expires=1758204000&x-signature=1J%2Bbn8M%2BViNEw1b0T4HBXhojYA4%3D&t=4d5b0474&ps=13740610&shp=30310797&shcp=ff37627b&idc=my,No,---,0
118,Curly:),renzmarkbago,https://www.tiktok.com/@renzmarkbago,Ending Walang makukulong.,1-9-2025,1,https://p16-sign-sg.tiktokcdn.com/tos-alisg-avt-0068/0c27a2d1b19e262813f7f39b9798f0a0~tplv-tiktokx-cropcenter:100:100.jpg?dr=14579&refresh_token=60bc3a3d&x-expires=1758204000&x-signature=%2FDGMbvzbskSDc65XQoi%2FxlecITY%3D&t=4d5b0474&ps=13740610&shp=30310797&shcp=ff37627b&idc=my,No,---,0
119,Indelible,whelve_bitter_memories,https://www.tiktok.com/@whelve_bitter_memories,luvethhhhhhüíã,1-9-2025,1,https://p16-sign-sg.tiktokcdn.com/tos-alisg-avt-0068/cf518f5e985bbba0fd42195fe256036c~tplv-tiktokx-cropcenter:100:100.jpg?dr=14579&refresh_token=04372ea8&x-expires=1758204000&x-signature=5vBah4M7tTAyR9Y9QkNv4QQrhKk%3D&t=4d5b0474&ps=13740610&shp=30310797&shcp=ff37627b&idc=my,No,---,0
120,drei,guhyejin1,https://www.tiktok.com/@guhyejin1,"Ending, di makukulong Ahaha",1-9-2025,1,https://p16-sign-sg.tiktokcdn.com/tos-alisg-avt-0068/9a8b20ef09fa4b61842da6c0b6608596~tplv-tiktokx-cropcenter:100:100.jpg?dr=14579&refresh_token=7d90f57d&x-expires=1758204000&x-signature=2NUvnq9za08a%2FmrZ7XhjTTfnL48%3D&t=4d5b0474&ps=13740610&shp=30310797&shcp=ff37627b&idc=my,No,---,0
121,Khaliddd,jadenlazaro,https://www.tiktok.com/@jadenlazaro,,1-9-2025,1,https://p16-sign-sg.tiktokcdn.com/tos-alisg-avt-0068/9e3c4fa09ef0f31a315a08b561b28c67~tplv-tiktokx-cropcenter:100:100.jpg?dr=14579&refresh_token=f5321245&x-expires=1758204000&x-signature=Ze7QrhfMzhb9XPEMLPcLQFZanYU%3D&t=4d5b0474&ps=13740610&shp=30310797&shcp=ff37627b&idc=my,No,---,0
122,Yhan Montenegro,yhan.montenegro,https://www.tiktok.com/@yhan.montenegro,,2-9-2025,0,https://platform-lookaside.fbsbx.com/platform/profilepic/?asid=314653151039744&height=240&width=240&ext=1730865962&hash=AbbeeezcdL80yMwkMqYFwLiC,No,---,0
123,Azrael.,aftrdark00,https://www.tiktok.com/@aftrdark00,Ang ending walang makukulong,2-9-2025,0,https://p16-sign-sg.tiktokcdn.com/tos-alisg-avt-0068/6a550a3bce43c1ca243a696efe13839d~tplv-tiktokx-cropcenter:100:100.jpg?dr=14579&refresh_token=4d47cddc&x-expires=1758204000&x-signature=KPiZCy3PmEIwGGZAklSluCvpNhg%3D&t=4d5b0474&ps=13740610&shp=30310797&shcp=ff37627b&idc=my,No,---,0
124,ren,rnz.evsc_,https://www.tiktok.com/@rnz.evsc_,,2-9-2025,0,https://p16-sign-sg.tiktokcdn.com/tos-alisg-avt-0068/ec530113f62dc391162f84aa2f9e13b2~tplv-tiktokx-cropcenter:100:100.jpg?dr=14579&refresh_token=2d08e39f&x-expires=1758204000&x-signature=JX0wCHTTZBYIMjuDi%2F4mWR6kjbQ%3D&t=4d5b0474&ps=13740610&shp=30310797&shcp=ff37627b&idc=my,No,---,0
